knot	degAlex	m1	m2	m3	m4	plus_ok	consistent_with_delta=deg-1	fitted_delta
10_1	1	1	2	3	4	True	True	0
10_10	2	1	1	2	2	True	True	1
10_100	4	1	1	1	1	True	True	3,4,5,6,7
10_101	2	1	1	2	2	True	True	1
10_102	3	1	1	1	2	True	True	2
10_103	3	1	1	1	2	True	True	2
10_104	4	1	1	1	1	True	True	3,4,5,6,7
10_105	3	1	1	1	2	True	True	2
10_106	4	1	1	1	1	True	True	3,4,5,6,7
10_107	3	1	1	1	2	True	True	2
10_108	3	1	1	1	2	True	True	2
10_109	4	1	1	1	1	True	True	3,4,5,6,7
10_11	2	1	1	2	2	True	True	1
10_110	3	1	1	1	2	True	True	2
10_111	3	1	1	1	2	True	True	2
10_112	4	1	1	1	1	True	True	3,4,5,6,7
10_113	3	1	1	1	2	True	True	2
10_114	3	1	1	1	2	True	True	2
10_115	3	1	1	1	2	True	True	2
10_116	4	1	1	1	1	True	True	3,4,5,6,7
10_117	3	1	1	1	2	True	True	2
10_118	4	1	1	1	1	True	True	3,4,5,6,7
10_119	3	1	1	1	2	True	True	2
10_12	3	1	1	1	2	True	True	2
10_120	2	1	1	2	2	True	True	1
10_121	3	1	1	1	2	True	True	2
10_122	3	1	1	1	2	True	True	2
10_123	4	1	1	1	1	True	True	3,4,5,6,7
10_124	4	1	1	1	1	True	True	3,4,5,6,7
10_125	3	1	1	1	2	True	True	2
10_126	3	1	1	1	2	True	True	2
10_127	3	1	1	1	2	True	True	2
10_128	3	1	1	1	2	True	True	2
10_129	2	1	1	2	2	True	True	1
10_13	2	1	1	2	2	True	True	1
10_130	2	1	1	2	2	True	True	1
10_131	2	1	1	2	2	True	True	1
10_132	2	1	1	2	2	True	True	1
10_133	2	1	1	2	2	True	True	1
10_134	3	1	1	1	2	True	True	2
10_135	2	1	1	2	2	True	True	1
10_136	2	1	1	2	2	True	True	1
10_137	2	1	1	2	2	True	True	1
10_138	3	1	1	1	2	True	True	2
10_139	4	1	1	1	1	True	True	3,4,5,6,7
10_14	3	1	1	1	2	True	True	2
10_140	2	1	1	2	2	True	True	1
10_141	3	1	1	1	2	True	True	2
10_142	3	1	1	1	2	True	True	2
10_143	3	1	1	1	2	True	True	2
10_144	2	1	1	2	2	True	True	1
10_145	2	1	1	2	2	True	True	1
10_146	2	1	1	2	2	True	True	1
10_147	2	1	1	2	2	True	True	1
10_148	3	1	1	1	2	True	True	2
10_149	3	1	1	1	2	True	True	2
10_15	3	1	1	1	2	True	True	2
10_150	3	1	1	1	2	True	True	2
10_151	3	1	1	1	2	True	True	2
10_152	4	1	1	1	1	True	True	3,4,5,6,7
10_153	3	1	1	1	2	True	True	2
10_154	3	1	1	1	2	True	True	2
10_155	3	1	1	1	2	True	True	2
10_156	3	1	1	1	2	True	True	2
10_157	3	1	1	1	2	True	True	2
10_158	3	1	1	1	2	True	True	2
10_159	3	1	1	1	2	True	True	2
10_16	2	1	1	2	2	True	True	1
10_160	3	1	1	1	2	True	True	2
10_161	3	1	1	1	2	True	True	2
10_162	2	1	1	2	2	True	True	1
10_163	3	1	1	1	2	True	True	2
10_164	2	1	1	2	2	True	True	1
10_165	2	1	1	2	2	True	True	1
10_17	4	1	1	1	1	True	True	3,4,5,6,7
10_18	2	1	1	2	2	True	True	1
10_19	3	1	1	1	2	True	True	2
10_2	4	1	1	1	1	True	True	3,4,5,6,7
10_20	2	1	1	2	2	True	True	1
10_21	3	1	1	1	2	True	True	2
10_22	3	1	1	1	2	True	True	2
10_23	3	1	1	1	2	True	True	2
10_24	2	1	1	2	2	True	True	1
10_25	3	1	1	1	2	True	True	2
10_26	3	1	1	1	2	True	True	2
10_27	3	1	1	1	2	True	True	2
10_28	2	1	1	2	2	True	True	1
10_29	3	1	1	1	2	True	True	2
10_3	1	1	2	3	4	True	True	0
10_30	2	1	1	2	2	True	True	1
10_31	2	1	1	2	2	True	True	1
10_32	3	1	1	1	2	True	True	2
10_33	2	1	1	2	2	True	True	1
10_34	2	1	1	2	2	True	True	1
10_35	2	1	1	2	2	True	True	1
10_36	2	1	1	2	2	True	True	1
10_37	2	1	1	2	2	True	True	1
10_38	2	1	1	2	2	True	True	1
10_39	3	1	1	1	2	True	True	2
10_4	2	1	1	2	2	True	True	1
10_40	3	1	1	1	2	True	True	2
10_41	3	1	1	1	2	True	True	2
10_42	3	1	1	1	2	True	True	2
10_43	3	1	1	1	2	True	True	2
10_44	3	1	1	1	2	True	True	2
10_45	3	1	1	1	2	True	True	2
10_46	4	1	1	1	1	True	True	3,4,5,6,7
10_47	4	1	1	1	1	True	True	3,4,5,6,7
10_48	4	1	1	1	1	True	True	3,4,5,6,7
10_49	3	1	1	1	2	True	True	2
10_5	4	1	1	1	1	True	True	3,4,5,6,7
10_50	3	1	1	1	2	True	True	2
10_51	3	1	1	1	2	True	True	2
10_52	3	1	1	1	2	True	True	2
10_53	2	1	1	2	2	True	True	1
10_54	3	1	1	1	2	True	True	2
10_55	2	1	1	2	2	True	True	1
10_56	3	1	1	1	2	True	True	2
10_57	3	1	1	1	2	True	True	2
10_58	2	1	1	2	2	True	True	1
10_59	3	1	1	1	2	True	True	2
10_6	3	1	1	1	2	True	True	2
10_60	3	1	1	1	2	True	True	2
10_61	3	1	1	1	2	True	True	2
10_62	4	1	1	1	1	True	True	3,4,5,6,7
10_63	2	1	1	2	2	True	True	1
10_64	4	1	1	1	1	True	True	3,4,5,6,7
10_65	3	1	1	1	2	True	True	2
10_66	3	1	1	1	2	True	True	2
10_67	2	1	1	2	2	True	True	1
10_68	2	1	1	2	2	True	True	1
10_69	3	1	1	1	2	True	True	2
10_7	2	1	1	2	2	True	True	1
10_70	3	1	1	1	2	True	True	2
10_71	3	1	1	1	2	True	True	2
10_72	3	1	1	1	2	True	True	2
10_73	3	1	1	1	2	True	True	2
10_74	2	1	1	2	2	True	True	1
10_75	3	1	1	1	2	True	True	2
10_76	3	1	1	1	2	True	True	2
10_77	3	1	1	1	2	True	True	2
10_78	3	1	1	1	2	True	True	2
10_79	4	1	1	1	1	True	True	3,4,5,6,7
10_8	3	1	1	1	2	True	True	2
10_80	3	1	1	1	2	True	True	2
10_81	3	1	1	1	2	True	True	2
10_82	4	1	1	1	1	True	True	3,4,5,6,7
10_83	3	1	1	1	2	True	True	2
10_84	3	1	1	1	2	True	True	2
10_85	4	1	1	1	1	True	True	3,4,5,6,7
10_86	3	1	1	1	2	True	True	2
10_87	3	1	1	1	2	True	True	2
10_88	3	1	1	1	2	True	True	2
10_89	3	1	1	1	2	True	True	2
10_9	4	1	1	1	1	True	True	3,4,5,6,7
10_90	3	1	1	1	2	True	True	2
10_91	4	1	1	1	1	True	True	3,4,5,6,7
10_92	3	1	1	1	2	True	True	2
10_93	3	1	1	1	2	True	True	2
10_94	4	1	1	1	1	True	True	3,4,5,6,7
10_95	3	1	1	1	2	True	True	2
10_96	3	1	1	1	2	True	True	2
10_97	2	1	1	2	2	True	True	1
10_98	3	1	1	1	2	True	True	2
10_99	4	1	1	1	1	True	True	3,4,5,6,7
11a_1	3	1	1	1	2	True	True	2
11a_10	3	1	1	1	2	True	True	2
11a_100	3	1	1	1	2	True	True	2
11a_101	3	1	1	1	2	True	True	2
11a_102	3	1	1	1	2	True	True	2
11a_103	2	1	1	2	2	True	True	1
11a_104	3	1	1	1	2	True	True	2
11a_105	3	1	1	1	2	True	True	2
11a_106	4	1	1	1	1	True	True	3,4,5,6,7
11a_107	3	1	1	1	2	True	True	2
11a_108	4	1	1	1	1	True	True	3,4,5,6,7
11a_109	4	1	1	1	1	True	True	3,4,5,6,7
11a_11	3	1	1	1	2	True	True	2
11a_110	3	1	1	1	2	True	True	2
11a_111	3	1	1	1	2	True	True	2
11a_112	4	1	1	1	1	True	True	3,4,5,6,7
11a_113	4	1	1	1	1	True	True	3,4,5,6,7
11a_114	3	1	1	1	2	True	True	2
11a_115	3	1	1	1	2	True	True	2
11a_116	3	1	1	1	2	True	True	2
11a_117	3	1	1	1	2	True	True	2
11a_118	3	1	1	1	2	True	True	2
11a_119	2	1	1	2	2	True	True	1
11a_12	3	1	1	1	2	True	True	2
11a_120	3	1	1	1	2	True	True	2
11a_121	3	1	1	1	2	True	True	2
11a_122	3	1	1	1	2	True	True	2
11a_123	2	1	1	2	2	True	True	1
11a_124	3	1	1	1	2	True	True	2
11a_125	4	1	1	1	1	True	True	3,4,5,6,7
11a_126	4	1	1	1	1	True	True	3,4,5,6,7
11a_127	4	1	1	1	1	True	True	3,4,5,6,7
11a_128	3	1	1	1	2	True	True	2
11a_129	4	1	1	1	1	True	True	3,4,5,6,7
11a_13	2	1	1	2	2	True	True	1
11a_130	3	1	1	1	2	True	True	2
11a_131	4	1	1	1	1	True	True	3,4,5,6,7
11a_132	3	1	1	1	2	True	True	2
11a_133	2	1	1	2	2	True	True	1
11a_134	3	1	1	1	2	True	True	2
11a_135	3	1	1	1	2	True	True	2
11a_136	3	1	1	1	2	True	True	2
11a_137	3	1	1	1	2	True	True	2
11a_138	3	1	1	1	2	True	True	2
11a_139	4	1	1	1	1	True	True	3,4,5,6,7
11a_14	4	1	1	1	1	True	True	3,4,5,6,7
11a_140	3	1	1	1	2	True	True	2
11a_141	3	1	1	1	2	True	True	2
11a_142	4	1	1	1	1	True	True	3,4,5,6,7
11a_143	3	1	1	1	2	True	True	2
11a_144	3	1	1	1	2	True	True	2
11a_145	2	1	1	2	2	True	True	1
11a_146	4	1	1	1	1	True	True	3,4,5,6,7
11a_147	4	1	1	1	1	True	True	3,4,5,6,7
11a_148	2	1	1	2	-	True	True	1
11a_149	3	1	1	1	2	True	True	2
11a_15	4	1	1	1	1	True	True	3,4,5,6,7
11a_150	3	1	1	1	2	True	True	2
11a_151	4	1	1	1	1	True	True	3,4,5,6,7
11a_152	3	1	1	1	2	True	True	2
11a_153	3	1	1	1	2	True	True	2
11a_154	2	1	1	2	2	True	True	1
11a_155	3	1	1	1	2	True	True	2
11a_156	4	1	1	1	1	True	True	3,4,5,6,7
11a_157	4	1	1	1	1	True	True	3,4,5,6,7
11a_158	4	1	1	1	1	True	True	3,4,5,6,7
11a_159	3	1	1	1	2	True	True	2
11a_16	3	1	1	1	2	True	True	2
11a_160	4	1	1	1	1	True	True	3,4,5,6,7
11a_161	3	1	1	1	2	True	True	2
11a_162	4	1	1	1	1	True	True	3,4,5,6,7
11a_163	4	1	1	1	1	True	True	3,4,5,6,7
11a_164	4	1	1	1	1	True	True	3,4,5,6,7
11a_165	3	1	1	1	2	True	True	2
11a_166	2	1	1	2	2	True	True	1
11a_167	3	1	1	1	2	True	True	2
11a_168	3	1	1	1	2	True	True	2
11a_169	3	1	1	1	2	True	True	2
11a_17	3	1	1	1	2	True	True	2
11a_170	4	1	1	1	1	True	True	3,4,5,6,7
11a_171	4	1	1	1	1	True	True	3,4,5,6,7
11a_172	3	1	1	1	2	True	True	2
11a_173	3	1	1	1	2	True	True	2
11a_174	4	1	1	1	1	True	True	3,4,5,6,7
11a_175	4	1	1	1	1	True	True	3,4,5,6,7
11a_176	4	1	1	1	1	True	True	3,4,5,6,7
11a_177	4	1	1	1	1	True	True	3,4,5,6,7
11a_178	3	1	1	1	2	True	True	2
11a_179	4	1	1	1	1	True	True	3,4,5,6,7
11a_18	3	1	1	1	2	True	True	2
11a_180	4	1	1	1	1	True	True	3,4,5,6,7
11a_181	3	1	1	1	2	True	True	2
11a_182	4	1	1	1	1	True	True	3,4,5,6,7
11a_183	3	1	1	1	2	True	True	2
11a_184	4	1	1	1	1	True	True	3,4,5,6,7
11a_185	3	1	1	1	2	True	True	2
11a_186	3	1	1	1	2	True	True	2
11a_187	3	1	1	1	2	True	True	2
11a_188	3	1	1	1	2	True	True	2
11a_189	4	1	1	1	1	True	True	3,4,5,6,7
11a_19	4	1	1	1	1	True	True	3,4,5,6,7
11a_190	3	1	1	1	2	True	True	2
11a_191	3	1	1	1	2	True	True	2
11a_192	2	1	1	2	2	True	True	1
11a_193	3	1	1	1	2	True	True	2
11a_194	4	1	1	1	1	True	True	3,4,5,6,7
11a_195	2	1	1	2	2	True	True	1
11a_196	4	1	1	1	1	True	True	3,4,5,6,7
11a_197	3	1	1	1	2	True	True	2
11a_198	3	1	1	1	2	True	True	2
11a_199	3	1	1	1	2	True	True	2
11a_2	3	1	1	1	2	True	True	2
11a_20	3	1	1	1	2	True	True	2
11a_200	2	1	1	2	2	True	True	1
11a_201	2	1	1	2	2	True	True	1
11a_202	3	1	1	1	2	True	True	2
11a_203	4	1	1	1	1	True	True	3,4,5,6,7
11a_204	3	1	1	1	2	True	True	2
11a_205	3	1	1	1	2	True	True	2
11a_206	4	1	1	1	1	True	True	3,4,5,6,7
11a_207	3	1	1	1	2	True	True	2
11a_208	3	1	1	1	2	True	True	2
11a_209	3	1	1	1	-	True	True	2,3,4,5,6,7
11a_21	2	1	1	2	2	True	True	1
11a_210	2	1	1	2	2	True	True	1
11a_211	2	1	1	2	2	True	True	1
11a_212	3	1	1	1	2	True	True	2
11a_213	3	1	1	1	2	True	True	2
11a_214	2	1	1	2	2	True	True	1
11a_215	4	1	1	1	1	True	True	3,4,5,6,7
11a_216	4	1	1	1	1	True	True	3,4,5,6,7
11a_217	4	1	1	1	1	True	True	3,4,5,6,7
11a_218	3	1	1	1	-	True	True	2,3,4,5,6,7
11a_219	2	1	1	2	2	True	True	1
11a_22	4	1	1	1	1	True	True	3,4,5,6,7
11a_220	3	1	1	1	2	True	True	2
11a_221	4	1	1	1	1	True	True	3,4,5,6,7
11a_222	3	1	1	1	2	True	True	2
11a_223	4	1	1	1	1	True	True	3,4,5,6,7
11a_224	3	1	1	1	2	True	True	2
11a_225	3	1	1	1	2	True	True	2
11a_226	2	1	1	2	2	True	True	1
11a_227	3	1	1	1	2	True	True	2
11a_228	3	1	1	1	-	True	True	2,3,4,5,6,7
11a_229	2	1	1	2	2	True	True	1
11a_23	3	1	1	1	2	True	True	2
11a_230	2	1	1	2	2	True	True	1
11a_231	4	1	1	1	1	True	True	3,4,5,6,7
11a_232	4	1	1	1	1	True	True	3,4,5,6,7
11a_233	4	1	1	1	1	True	True	3,4,5,6,7
11a_234	4	1	1	1	1	True	True	3,4,5,6,7
11a_235	3	1	1	1	2	True	True	2
11a_236	3	1	1	1	2	True	True	2
11a_237	2	1	1	2	2	True	True	1
11a_238	2	1	1	2	2	True	True	1
11a_239	4	1	1	1	1	True	True	3,4,5,6,7
11a_24	4	1	1	1	1	True	True	3,4,5,6,7
11a_240	4	1	1	1	1	True	True	3,4,5,6,7
11a_241	3	1	1	1	2	True	True	2
11a_242	3	1	1	1	2	True	True	2
11a_243	2	1	1	2	2	True	True	1
11a_244	3	1	1	1	2	True	True	2
11a_245	3	1	1	1	2	True	True	2
11a_246	2	1	1	2	2	True	True	1
11a_247	1	1	2	3	4	True	True	0
11a_248	4	1	1	1	1	True	True	3,4,5,6,7
11a_249	3	1	1	1	2	True	True	2
11a_25	4	1	1	1	1	True	True	3,4,5,6,7
11a_250	4	1	1	1	1	True	True	3,4,5,6,7
11a_251	4	1	1	1	1	True	True	3,4,5,6,7
11a_252	4	1	1	1	1	True	True	3,4,5,6,7
11a_253	4	1	1	1	1	True	True	3,4,5,6,7
11a_254	4	1	1	1	1	True	True	3,4,5,6,7
11a_255	4	1	1	1	1	True	True	3,4,5,6,7
11a_256	3	1	1	1	2	True	True	2
11a_257	4	1	1	1	1	True	True	3,4,5,6,7
11a_258	3	1	1	1	2	True	True	2
11a_259	4	1	1	1	1	True	True	3,4,5,6,7
11a_26	4	1	1	1	1	True	True	3,4,5,6,7
11a_260	3	1	1	1	2	True	True	2
11a_261	4	1	1	1	1	True	True	3,4,5,6,7
11a_262	3	1	1	1	2	True	True	2
11a_263	4	1	1	1	1	True	True	3,4,5,6,7
11a_264	4	1	1	1	1	True	True	3,4,5,6,7
11a_265	3	1	1	1	2	True	True	2
11a_266	4	1	1	1	1	True	True	3,4,5,6,7
11a_267	4	1	1	1	1	True	True	3,4,5,6,7
11a_268	4	1	1	1	1	True	True	3,4,5,6,7
11a_269	4	1	1	1	1	True	True	3,4,5,6,7
11a_27	3	1	1	1	2	True	True	2
11a_270	3	1	1	1	2	True	True	2
11a_271	3	1	1	1	2	True	True	2
11a_272	3	1	1	1	2	True	True	2
11a_273	3	1	1	1	2	True	True	2
11a_274	4	1	1	1	1	True	True	3,4,5,6,7
11a_275	3	1	1	1	2	True	True	2
11a_276	3	1	1	1	2	True	True	2
11a_277	4	1	1	1	1	True	True	3,4,5,6,7
11a_278	3	1	1	1	2	True	True	2
11a_279	3	1	1	1	2	True	True	2
11a_28	4	1	1	1	1	True	True	3,4,5,6,7
11a_280	2	1	1	2	-	True	True	1
11a_281	4	1	1	1	1	True	True	3,4,5,6,7
11a_282	4	1	1	1	1	True	True	3,4,5,6,7
11a_283	3	1	1	1	2	True	True	2
11a_284	4	1	1	1	1	True	True	3,4,5,6,7
11a_285	3	1	1	1	2	True	True	2
11a_286	4	1	1	1	1	True	True	3,4,5,6,7
11a_287	4	1	1	1	1	True	True	3,4,5,6,7
11a_288	4	1	1	1	1	True	True	3,4,5,6,7
11a_289	4	1	1	1	1	True	True	3,4,5,6,7
11a_29	3	1	1	1	2	True	True	2
11a_290	3	1	1	1	2	True	True	2
11a_291	3	1	1	1	2	True	True	2
11a_292	2	1	1	2	2	True	True	1
11a_293	4	1	1	1	1	True	True	3,4,5,6,7
11a_294	3	1	1	1	2	True	True	2
11a_295	3	1	1	1	2	True	True	2
11a_296	2	1	1	2	-	True	True	1
11a_297	3	1	1	1	2	True	True	2
11a_298	3	1	1	1	2	True	True	2
11a_299	2	1	1	2	2	True	True	1
11a_3	4	1	1	1	1	True	True	3,4,5,6,7
11a_30	3	1	1	1	2	True	True	2
11a_300	4	1	1	1	1	True	True	3,4,5,6,7
11a_301	4	1	1	1	1	True	True	3,4,5,6,7
11a_302	4	1	1	1	1	True	True	3,4,5,6,7
11a_303	3	1	1	1	2	True	True	2
11a_304	3	1	1	1	2	True	True	2
11a_305	4	1	1	1	1	True	True	3,4,5,6,7
11a_306	4	1	1	1	1	True	True	3,4,5,6,7
11a_307	3	1	1	1	2	True	True	2
11a_308	4	1	1	1	1	True	True	3,4,5,6,7
11a_309	3	1	1	1	2	True	True	2
11a_31	3	1	1	1	2	True	True	2
11a_310	3	1	1	1	2	True	True	2
11a_311	2	1	1	2	2	True	True	1
11a_312	3	1	1	1	2	True	True	2
11a_313	2	1	1	2	-	True	True	1
11a_314	4	1	1	1	1	True	True	3,4,5,6,7
11a_315	4	1	1	1	1	True	True	3,4,5,6,7
11a_316	4	1	1	1	1	True	True	3,4,5,6,7
11a_317	3	1	1	1	2	True	True	2
11a_318	3	1	1	1	2	True	True	2
11a_319	3	1	1	1	2	True	True	2
11a_32	3	1	1	1	2	True	True	2
11a_320	2	1	1	2	2	True	True	1
11a_321	3	1	1	1	2	True	True	2
11a_322	3	1	1	1	2	True	True	2
11a_323	3	1	1	1	2	True	True	2
11a_324	2	1	1	2	-	True	True	1
11a_325	2	1	1	2	-	True	True	1
11a_326	4	1	1	1	1	True	True	3,4,5,6,7
11a_327	3	1	1	1	2	True	True	2
11a_328	3	1	1	1	2	True	True	2
11a_329	2	1	1	2	2	True	True	1
11a_33	4	1	1	1	1	True	True	3,4,5,6,7
11a_330	4	1	1	1	1	True	True	3,4,5,6,7
11a_331	3	1	1	1	2	True	True	2
11a_332	4	1	1	1	1	True	True	3,4,5,6,7
11a_333	2	1	1	2	2	True	True	1
11a_334	4	1	1	1	1	True	True	3,4,5,6,7
11a_335	3	1	1	1	2	True	True	2
11a_336	3	1	1	1	2	True	True	2
11a_337	2	1	1	2	2	True	True	1
11a_338	4	1	1	1	1	True	True	3,4,5,6,7
11a_339	3	1	1	1	2	True	True	2
11a_34	4	1	1	1	1	True	True	3,4,5,6,7
11a_340	3	1	1	1	2	True	True	2
11a_341	2	1	1	2	2	True	True	1
11a_342	2	1	1	2	2	True	True	1
11a_343	1	1	2	3	4	True	True	0
11a_344	3	1	1	1	2	True	True	2
11a_345	2	1	1	2	-	True	True	1
11a_346	4	1	1	1	1	True	True	3,4,5,6,7
11a_347	3	1	1	1	2	True	True	2
11a_348	4	1	1	1	1	True	True	3,4,5,6,7
11a_349	3	1	1	1	2	True	True	2
11a_35	4	1	1	1	1	True	True	3,4,5,6,7
11a_350	4	1	1	1	1	True	True	3,4,5,6,7
11a_351	4	1	1	1	1	True	True	3,4,5,6,7
11a_352	3	1	1	1	2	True	True	2
11a_353	3	1	1	1	2	True	True	2
11a_354	2	1	1	2	2	True	True	1
11a_355	4	1	1	1	1	True	True	3,4,5,6,7
11a_356	3	1	1	1	2	True	True	2
11a_357	3	1	1	1	2	True	True	2
11a_358	3	1	1	1	2	True	True	2
11a_359	2	1	1	2	2	True	True	1
11a_36	3	1	1	1	2	True	True	2
11a_360	2	1	1	2	2	True	True	1
11a_361	2	1	1	2	2	True	True	1
11a_362	1	1	2	3	4	True	True	0
11a_363	1	1	2	3	4	True	True	0
11a_364	4	1	1	1	1	True	True	3,4,5,6,7
11a_365	3	1	1	1	2	True	True	2
11a_366	2	1	1	2	2	True	True	1
11a_367	5	1	1	1	1	True	True	3,4,5,6,7
11a_37	3	1	1	1	2	True	True	2
11a_38	3	1	1	1	2	True	True	2
11a_39	3	1	1	1	2	True	True	2
11a_4	3	1	1	1	2	True	True	2
11a_40	4	1	1	1	1	True	True	3,4,5,6,7
11a_41	3	1	1	1	2	True	True	2
11a_42	3	1	1	1	2	True	True	2
11a_43	3	1	1	1	2	True	True	2
11a_44	4	1	1	1	1	True	True	3,4,5,6,7
11a_45	2	1	1	2	2	True	True	1
11a_46	3	1	1	1	2	True	True	2
11a_47	4	1	1	1	1	True	True	3,4,5,6,7
11a_48	3	1	1	1	2	True	True	2
11a_49	3	1	1	1	2	True	True	2
11a_5	3	1	1	1	2	True	True	2
11a_50	2	1	1	2	2	True	True	1
11a_51	3	1	1	1	2	True	True	2
11a_52	3	1	1	1	2	True	True	2
11a_53	4	1	1	1	1	True	True	3,4,5,6,7
11a_54	3	1	1	1	2	True	True	2
11a_55	4	1	1	1	1	True	True	3,4,5,6,7
11a_56	3	1	1	1	2	True	True	2
11a_57	4	1	1	1	1	True	True	3,4,5,6,7
11a_58	3	1	1	1	2	True	True	2
11a_59	2	1	1	2	2	True	True	1
11a_6	3	1	1	1	2	True	True	2
11a_60	3	1	1	1	2	True	True	2
11a_61	2	1	1	2	2	True	True	1
11a_62	4	1	1	1	1	True	True	3,4,5,6,7
11a_63	3	1	1	1	2	True	True	2
11a_64	3	1	1	1	2	True	True	2
11a_65	2	1	1	2	2	True	True	1
11a_66	4	1	1	1	1	True	True	3,4,5,6,7
11a_67	3	1	1	1	2	True	True	2
11a_68	4	1	1	1	1	True	True	3,4,5,6,7
11a_69	3	1	1	1	2	True	True	2
11a_7	4	1	1	1	1	True	True	3,4,5,6,7
11a_70	3	1	1	1	2	True	True	2
11a_71	4	1	1	1	1	True	True	3,4,5,6,7
11a_72	4	1	1	1	1	True	True	3,4,5,6,7
11a_73	4	1	1	1	1	True	True	3,4,5,6,7
11a_74	4	1	1	1	1	True	True	3,4,5,6,7
11a_75	3	1	1	1	2	True	True	2
11a_76	4	1	1	1	1	True	True	3,4,5,6,7
11a_77	3	1	1	1	2	True	True	2
11a_78	3	1	1	1	2	True	True	2
11a_79	4	1	1	1	1	True	True	3,4,5,6,7
11a_8	3	1	1	1	2	True	True	2
11a_80	4	1	1	1	1	True	True	3,4,5,6,7
11a_81	4	1	1	1	1	True	True	3,4,5,6,7
11a_82	4	1	1	1	1	True	True	3,4,5,6,7
11a_83	4	1	1	1	1	True	True	3,4,5,6,7
11a_84	3	1	1	1	2	True	True	2
11a_85	3	1	1	1	2	True	True	2
11a_86	4	1	1	1	1	True	True	3,4,5,6,7
11a_87	3	1	1	1	2	True	True	2
11a_88	4	1	1	1	1	True	True	3,4,5,6,7
11a_89	3	1	1	1	2	True	True	2
11a_9	4	1	1	1	1	True	True	3,4,5,6,7
11a_90	3	1	1	1	2	True	True	2
11a_91	3	1	1	1	2	True	True	2
11a_92	4	1	1	1	1	True	True	3,4,5,6,7
11a_93	3	1	1	1	2	True	True	2
11a_94	3	1	1	1	2	True	True	2
11a_95	2	1	1	2	2	True	True	1
11a_96	3	1	1	1	2	True	True	2
11a_97	3	1	1	1	2	True	True	2
11a_98	2	1	1	2	2	True	True	1
11a_99	4	1	1	1	1	True	True	3,4,5,6,7
11n_1	2	1	1	2	2	True	True	1
11n_10	3	1	1	1	2	True	True	2
11n_100	2	1	1	2	2	True	True	1
11n_101	2	1	1	2	2	True	True	1
11n_102	2	1	1	2	2	True	True	1
11n_103	3	1	1	1	2	True	True	2
11n_104	4	1	1	1	1	True	True	3,4,5,6,7
11n_105	3	1	1	1	2	True	True	2
11n_106	3	1	1	1	2	True	True	2
11n_107	4	1	1	1	1	True	True	3,4,5,6,7
11n_108	3	1	1	1	2	True	True	2
11n_109	3	1	1	1	2	True	True	2
11n_11	3	1	1	1	2	True	True	2
11n_110	3	1	1	1	2	True	True	2
11n_111	3	1	1	1	2	True	True	2
11n_112	3	1	1	1	2	True	True	2
11n_113	2	1	1	2	2	True	True	1
11n_114	2	1	1	2	2	True	True	1
11n_115	3	1	1	1	2	True	True	2
11n_116	2	1	1	2	2	True	True	1
11n_117	2	1	1	2	2	True	True	1
11n_118	3	1	1	1	2	True	True	2
11n_119	3	1	1	1	2	True	True	2
11n_12	2	1	1	2	2	True	True	1
11n_120	4	1	1	1	1	True	True	3,4,5,6,7
11n_121	3	1	1	1	2	True	True	2
11n_122	2	1	1	2	2	True	True	1
11n_123	2	1	1	2	2	True	True	1
11n_124	3	1	1	1	2	True	True	2
11n_125	3	1	1	1	2	True	True	2
11n_126	3	1	1	1	2	True	True	2
11n_127	3	1	1	1	2	True	True	2
11n_128	3	1	1	1	2	True	True	2
11n_129	3	1	1	1	2	True	True	2
11n_13	4	1	1	1	1	True	True	3,4,5,6,7
11n_130	3	1	1	1	2	True	True	2
11n_131	3	1	1	1	2	True	True	2
11n_132	2	1	1	2	2	True	True	1
11n_133	4	1	1	1	1	True	True	3,4,5,6,7
11n_134	2	1	1	2	2	True	True	1
11n_135	3	1	1	1	2	True	True	2
11n_136	3	1	1	1	2	True	True	2
11n_137	3	1	1	1	2	True	True	2
11n_138	2	1	1	2	2	True	True	1
11n_139	1	1	2	3	4	True	True	0
11n_14	3	1	1	1	2	True	True	2
11n_140	2	1	1	2	2	True	True	1
11n_141	1	1	2	3	4	True	True	0
11n_142	2	1	1	2	2	True	True	1
11n_143	3	1	1	1	2	True	True	2
11n_144	3	1	1	1	2	True	True	2
11n_145	3	1	1	1	2	True	True	2
11n_146	3	1	1	1	2	True	True	2
11n_147	4	1	1	1	1	True	True	3,4,5,6,7
11n_148	4	1	1	1	1	True	True	3,4,5,6,7
11n_149	4	1	1	1	1	True	True	3,4,5,6,7
11n_15	3	1	1	1	2	True	True	2
11n_150	3	1	1	1	2	True	True	2
11n_151	2	1	1	2	2	True	True	1
11n_152	2	1	1	2	2	True	True	1
11n_153	4	1	1	1	1	True	True	3,4,5,6,7
11n_154	3	1	1	1	2	True	True	2
11n_155	3	1	1	1	2	True	True	2
11n_156	3	1	1	1	2	True	True	2
11n_157	3	1	1	1	2	True	True	2
11n_158	4	1	1	1	1	True	True	3,4,5,6,7
11n_159	3	1	1	1	2	True	True	2
11n_16	3	1	1	1	2	True	True	2
11n_160	3	1	1	1	2	True	True	2
11n_161	3	1	1	1	2	True	True	2
11n_162	2	1	1	2	2	True	True	1
11n_163	3	1	1	1	2	True	True	2
11n_164	3	1	1	1	2	True	True	2
11n_165	3	1	1	1	2	True	True	2
11n_166	4	1	1	1	1	True	True	3,4,5,6,7
11n_167	3	1	1	1	2	True	True	2
11n_168	3	1	1	1	2	True	True	2
11n_169	3	1	1	1	2	True	True	2
11n_17	2	1	1	2	2	True	True	1
11n_170	2	1	1	2	2	True	True	1
11n_171	2	1	1	2	2	True	True	1
11n_172	3	1	1	1	2	True	True	2
11n_173	4	1	1	1	1	True	True	3,4,5,6,7
11n_174	3	1	1	1	2	True	True	2
11n_175	3	1	1	1	2	True	True	2
11n_176	3	1	1	1	2	True	True	2
11n_177	4	1	1	1	1	True	True	3,4,5,6,7
11n_178	3	1	1	1	2	True	True	2
11n_179	3	1	1	1	2	True	True	2
11n_18	2	1	1	2	2	True	True	1
11n_180	3	1	1	1	2	True	True	2
11n_181	2	1	1	2	2	True	True	1
11n_182	4	1	1	1	1	True	True	3,4,5,6,7
11n_183	3	1	1	1	2	True	True	2
11n_184	3	1	1	1	2	True	True	2
11n_185	3	1	1	1	2	True	True	2
11n_19	3	1	1	1	2	True	True	2
11n_2	3	1	1	1	2	True	True	2
11n_20	2	1	1	2	2	True	True	1
11n_21	3	1	1	1	2	True	True	2
11n_22	3	1	1	1	2	True	True	2
11n_23	4	1	1	1	1	True	True	3,4,5,6,7
11n_24	3	1	1	1	2	True	True	2
11n_25	3	1	1	1	2	True	True	2
11n_26	3	1	1	1	2	True	True	2
11n_27	4	1	1	1	1	True	True	3,4,5,6,7
11n_28	2	1	1	2	2	True	True	1
11n_29	2	1	1	2	2	True	True	1
11n_3	2	1	1	2	2	True	True	1
11n_30	3	1	1	1	2	True	True	2
11n_31	3	1	1	1	2	True	True	2
11n_32	3	1	1	1	2	True	True	2
11n_33	3	1	1	1	2	True	True	2
11n_34	0	2	2	2	3	True	False	none
11n_35	3	1	1	1	2	True	True	2
11n_36	4	1	1	1	1	True	True	3,4,5,6,7
11n_37	3	1	1	1	2	True	True	2
11n_38	2	1	1	2	2	True	True	1
11n_39	2	1	1	2	2	True	True	1
11n_4	3	1	1	1	2	True	True	2
11n_40	3	1	1	1	2	True	True	2
11n_41	4	1	1	1	1	True	True	3,4,5,6,7
11n_42	0	2	2	2	3	True	False	none
11n_43	3	1	1	1	2	True	True	2
11n_44	4	1	1	1	1	True	True	3,4,5,6,7
11n_45	2	1	1	2	2	True	True	1
11n_46	3	1	1	1	2	True	True	2
11n_47	4	1	1	1	1	True	True	3,4,5,6,7
11n_48	3	1	1	1	2	True	True	2
11n_49	2	1	1	2	2	True	True	1
11n_5	3	1	1	1	2	True	True	2
11n_50	2	1	1	2	2	True	True	1
11n_51	3	1	1	1	2	True	True	2
11n_52	3	1	1	1	2	True	True	2
11n_53	3	1	1	1	2	True	True	2
11n_54	3	1	1	1	2	True	True	2
11n_55	3	1	1	1	2	True	True	2
11n_56	3	1	1	1	2	True	True	2
11n_57	4	1	1	1	1	True	True	3,4,5,6,7
11n_58	3	1	1	1	2	True	True	2
11n_59	3	1	1	1	2	True	True	2
11n_6	3	1	1	1	2	True	True	2
11n_60	4	1	1	1	1	True	True	3,4,5,6,7
11n_61	4	1	1	1	1	True	True	3,4,5,6,7
11n_62	2	1	1	2	2	True	True	1
11n_63	2	1	1	2	2	True	True	1
11n_64	3	1	1	1	2	True	True	2
11n_65	2	1	1	2	2	True	True	1
11n_66	3	1	1	1	2	True	True	2
11n_67	1	1	2	2	3	True	False	none
11n_68	2	1	1	2	2	True	True	1
11n_69	3	1	1	1	2	True	True	2
11n_7	3	1	1	1	2	True	True	2
11n_70	3	1	1	1	2	True	True	2
11n_71	3	1	1	1	2	True	True	2
11n_72	3	1	1	1	2	True	True	2
11n_73	2	1	1	2	2	True	True	1
11n_74	2	1	1	2	2	True	True	1
11n_75	3	1	1	1	2	True	True	2
11n_76	4	1	1	1	1	True	True	3,4,5,6,7
11n_77	4	1	1	1	1	True	True	3,4,5,6,7
11n_78	4	1	1	1	1	True	True	3,4,5,6,7
11n_79	2	1	1	2	2	True	True	1
11n_8	3	1	1	1	2	True	True	2
11n_80	3	1	1	1	2	True	True	2
11n_81	4	1	1	1	1	True	True	3,4,5,6,7
11n_82	3	1	1	1	2	True	True	2
11n_83	2	1	1	2	2	True	True	1
11n_84	2	1	1	2	2	True	True	1
11n_85	3	1	1	1	2	True	True	2
11n_86	3	1	1	1	2	True	True	2
11n_87	3	1	1	1	2	True	True	2
11n_88	4	1	1	1	1	True	True	3,4,5,6,7
11n_89	3	1	1	1	2	True	True	2
11n_9	4	1	1	1	1	True	True	3,4,5,6,7
11n_90	3	1	1	1	2	True	True	2
11n_91	2	1	1	2	2	True	True	1
11n_92	3	1	1	1	2	True	True	2
11n_93	3	1	1	1	2	True	True	2
11n_94	3	1	1	1	2	True	True	2
11n_95	3	1	1	1	2	True	True	2
11n_96	3	1	1	1	2	True	True	2
11n_97	1	1	2	2	3	True	False	none
11n_98	3	1	1	1	2	True	True	2
11n_99	2	1	1	2	2	True	True	1
12a_1	4	1	1	1	1	True	True	3,4,5,6,7
12a_10	3	1	1	1	2	True	True	2
12a_100	3	1	1	1	-	True	True	2,3,4,5,6,7
12a_1000	4	1	1	1	1	True	True	3,4,5,6,7
12a_1001	3	1	1	1	2	True	True	2
12a_1002	5	1	1	1	1	True	True	3,4,5,6,7
12a_1003	4	1	1	1	1	True	True	3,4,5,6,7
12a_1004	3	1	1	1	2	True	True	2
12a_1005	4	1	1	1	1	True	True	3,4,5,6,7
12a_1006	4	1	1	1	1	True	True	3,4,5,6,7
12a_1007	4	1	1	1	1	True	True	3,4,5,6,7
12a_1008	3	1	1	1	2	True	True	2
12a_1009	4	1	1	1	1	True	True	3,4,5,6,7
12a_101	4	1	1	1	1	True	True	3,4,5,6,7
12a_1010	3	1	1	1	2	True	True	2
12a_1011	5	1	1	1	1	True	True	3,4,5,6,7
12a_1012	4	1	1	1	1	True	True	3,4,5,6,7
12a_1013	5	1	1	1	1	True	True	3,4,5,6,7
12a_1014	4	1	1	1	1	True	True	3,4,5,6,7
12a_1015	4	1	1	1	1	True	True	3,4,5,6,7
12a_1016	3	1	1	1	2	True	True	2
12a_1017	4	1	1	1	1	True	True	3,4,5,6,7
12a_1018	3	1	1	1	2	True	True	2
12a_1019	4	1	1	1	1	True	True	3,4,5,6,7
12a_102	3	1	1	1	2	True	True	2
12a_1020	4	1	1	1	1	True	True	3,4,5,6,7
12a_1021	4	1	1	1	1	True	True	3,4,5,6,7
12a_1023	4	1	1	1	1	True	True	3,4,5,6,7
12a_1024	3	1	1	1	2	True	True	2
12a_1025	4	1	1	1	1	True	True	3,4,5,6,7
12a_1026	3	1	1	1	2	True	True	2
12a_1027	5	1	1	1	1	True	True	3,4,5,6,7
12a_1028	4	1	1	1	1	True	True	3,4,5,6,7
12a_1029	4	1	1	1	1	True	True	3,4,5,6,7
12a_103	3	1	1	1	2	True	True	2
12a_1030	3	1	1	1	2	True	True	2
12a_1031	4	1	1	1	1	True	True	3,4,5,6,7
12a_1032	3	1	1	1	2	True	True	2
12a_1033	3	1	1	1	2	True	True	2
12a_1034	2	1	1	2	2	True	True	1
12a_1035	3	1	1	1	2	True	True	2
12a_1036	4	1	1	1	1	True	True	3,4,5,6,7
12a_1038	3	1	1	1	2	True	True	2
12a_1039	4	1	1	1	1	True	True	3,4,5,6,7
12a_104	3	1	1	1	2	True	True	2
12a_1040	3	1	1	1	2	True	True	2
12a_1041	4	1	1	1	1	True	True	3,4,5,6,7
12a_1042	4	1	1	1	1	True	True	3,4,5,6,7
12a_1043	3	1	1	1	2	True	True	2
12a_1044	3	1	1	1	2	True	True	2
12a_1045	4	1	1	1	1	True	True	3,4,5,6,7
12a_1047	5	1	1	1	1	True	True	3,4,5,6,7
12a_1048	4	1	1	1	1	True	True	3,4,5,6,7
12a_1049	4	1	1	1	1	True	True	3,4,5,6,7
12a_105	4	1	1	1	1	True	True	3,4,5,6,7
12a_1050	4	1	1	1	1	True	True	3,4,5,6,7
12a_1051	5	1	1	1	1	True	True	3,4,5,6,7
12a_1052	4	1	1	1	1	True	True	3,4,5,6,7
12a_1053	4	1	1	1	1	True	True	3,4,5,6,7
12a_1054	4	1	1	1	1	True	True	3,4,5,6,7
12a_1056	4	1	1	1	1	True	True	3,4,5,6,7
12a_1059	4	1	1	1	1	True	True	3,4,5,6,7
12a_106	3	1	1	1	2	True	True	2
12a_1060	4	1	1	1	1	True	True	3,4,5,6,7
12a_1061	4	1	1	1	1	True	True	3,4,5,6,7
12a_1062	3	1	1	1	2	True	True	2
12a_1063	3	1	1	1	2	True	True	2
12a_1064	4	1	1	1	1	True	True	3,4,5,6,7
12a_1065	4	1	1	1	1	True	True	3,4,5,6,7
12a_1066	4	1	1	1	1	True	True	3,4,5,6,7
12a_1067	4	1	1	1	1	True	True	3,4,5,6,7
12a_1068	3	1	1	1	2	True	True	2
12a_107	3	1	1	1	2	True	True	2
12a_1070	4	1	1	1	1	True	True	3,4,5,6,7
12a_1071	4	1	1	1	1	True	True	3,4,5,6,7
12a_1072	4	1	1	1	1	True	True	3,4,5,6,7
12a_1073	3	1	1	1	2	True	True	2
12a_1074	4	1	1	1	1	True	True	3,4,5,6,7
12a_1075	3	1	1	1	2	True	True	2
12a_1076	4	1	1	1	1	True	True	3,4,5,6,7
12a_1077	3	1	1	1	2	True	True	2
12a_1078	4	1	1	1	1	True	True	3,4,5,6,7
12a_1079	4	1	1	1	1	True	True	3,4,5,6,7
12a_108	4	1	1	1	1	True	True	3,4,5,6,7
12a_1080	4	1	1	1	1	True	True	3,4,5,6,7
12a_1081	4	1	1	1	1	True	True	3,4,5,6,7
12a_1082	4	1	1	1	1	True	True	3,4,5,6,7
12a_1083	4	1	1	1	1	True	True	3,4,5,6,7
12a_1084	4	1	1	1	1	True	True	3,4,5,6,7
12a_1086	3	1	1	1	2	True	True	2
12a_1087	4	1	1	1	1	True	True	3,4,5,6,7
12a_1088	4	1	1	1	1	True	True	3,4,5,6,7
12a_1089	4	1	1	1	1	True	True	3,4,5,6,7
12a_109	3	1	1	1	2	True	True	2
12a_1091	4	1	1	1	1	True	True	3,4,5,6,7
12a_1092	4	1	1	1	1	True	True	3,4,5,6,7
12a_1093	4	1	1	1	1	True	True	3,4,5,6,7
12a_1095	3	1	1	1	2	True	True	2
12a_1096	4	1	1	1	1	True	True	3,4,5,6,7
12a_1098	3	1	1	1	2	True	True	2
12a_1099	4	1	1	1	1	True	True	3,4,5,6,7
12a_11	4	1	1	1	1	True	True	3,4,5,6,7
12a_110	3	1	1	1	2	True	True	2
12a_1100	4	1	1	1	1	True	True	3,4,5,6,7
12a_1101	4	1	1	1	1	True	True	3,4,5,6,7
12a_1102	4	1	1	1	1	True	True	3,4,5,6,7
12a_1103	3	1	1	1	2	True	True	2
12a_1104	4	1	1	1	1	True	True	3,4,5,6,7
12a_1105	4	1	1	1	1	True	True	3,4,5,6,7
12a_1107	4	1	1	1	1	True	True	3,4,5,6,7
12a_1108	3	1	1	1	2	True	True	2
12a_1109	4	1	1	1	1	True	True	3,4,5,6,7
12a_111	4	1	1	1	1	True	True	3,4,5,6,7
12a_1110	3	1	1	1	2	True	True	2
12a_1111	4	1	1	1	1	True	True	3,4,5,6,7
12a_1112	3	1	1	1	2	True	True	2
12a_1114	5	1	1	1	1	True	True	3,4,5,6,7
12a_1115	4	1	1	1	1	True	True	3,4,5,6,7
12a_1116	4	1	1	1	1	True	True	3,4,5,6,7
12a_1118	3	1	1	1	2	True	True	2
12a_1119	4	1	1	1	1	True	True	3,4,5,6,7
12a_112	4	1	1	1	1	True	True	3,4,5,6,7
12a_1120	5	1	1	1	1	True	True	3,4,5,6,7
12a_1121	4	1	1	1	1	True	True	3,4,5,6,7
12a_1122	4	1	1	1	1	True	True	3,4,5,6,7
12a_1123	4	1	1	1	1	True	True	3,4,5,6,7
12a_1125	3	1	1	1	2	True	True	2
12a_1126	2	1	1	2	2	True	True	1
12a_1127	2	1	1	2	2	True	True	1
12a_1128	5	1	1	1	1	True	True	3,4,5,6,7
12a_1129	4	1	1	1	1	True	True	3,4,5,6,7
12a_113	4	1	1	1	1	True	True	3,4,5,6,7
12a_1130	4	1	1	1	1	True	True	3,4,5,6,7
12a_1131	4	1	1	1	1	True	True	3,4,5,6,7
12a_1132	3	1	1	1	2	True	True	2
12a_1133	3	1	1	1	2	True	True	2
12a_1134	5	1	1	1	1	True	True	3,4,5,6,7
12a_1135	4	1	1	1	1	True	True	3,4,5,6,7
12a_1136	4	1	1	1	1	True	True	3,4,5,6,7
12a_1137	3	1	1	1	2	True	True	2
12a_1138	3	1	1	1	2	True	True	2
12a_1139	2	1	1	2	2	True	True	1
12a_114	3	1	1	1	2	True	True	2
12a_1140	3	1	1	1	2	True	True	2
12a_1141	4	1	1	1	1	True	True	3,4,5,6,7
12a_1142	3	1	1	1	2	True	True	2
12a_1144	2	1	1	2	2	True	True	1
12a_1145	4	1	1	1	1	True	True	3,4,5,6,7
12a_1146	3	1	1	1	2	True	True	2
12a_1147	4	1	1	1	1	True	True	3,4,5,6,7
12a_1148	3	1	1	1	2	True	True	2
12a_1149	2	1	1	2	2	True	True	1
12a_115	4	1	1	1	1	True	True	3,4,5,6,7
12a_1150	4	1	1	1	1	True	True	3,4,5,6,7
12a_1152	4	1	1	1	1	True	True	3,4,5,6,7
12a_1153	4	1	1	1	1	True	True	3,4,5,6,7
12a_1155	3	1	1	1	2	True	True	2
12a_1156	4	1	1	1	1	True	True	3,4,5,6,7
12a_1157	4	1	1	1	1	True	True	3,4,5,6,7
12a_1158	3	1	1	1	2	True	True	2
12a_1159	3	1	1	1	2	True	True	2
12a_116	4	1	1	1	1	True	True	3,4,5,6,7
12a_1160	2	1	1	2	2	True	True	1
12a_1161	2	1	1	2	2	True	True	1
12a_1162	3	1	1	1	2	True	True	2
12a_1163	2	1	1	2	2	True	True	1
12a_1164	3	1	1	1	2	True	True	2
12a_1165	2	1	1	2	2	True	True	1
12a_1166	1	1	2	3	4	True	True	0
12a_1167	4	1	1	1	1	True	True	3,4,5,6,7
12a_1168	5	1	1	1	1	True	True	3,4,5,6,7
12a_1169	4	1	1	1	1	True	True	3,4,5,6,7
12a_117	3	1	1	1	2	True	True	2
12a_1170	4	1	1	1	1	True	True	3,4,5,6,7
12a_1171	3	1	1	1	2	True	True	2
12a_1172	4	1	1	1	1	True	True	3,4,5,6,7
12a_1174	4	1	1	1	1	True	True	3,4,5,6,7
12a_1175	4	1	1	1	1	True	True	3,4,5,6,7
12a_1176	5	1	1	1	1	True	True	3,4,5,6,7
12a_1177	4	1	1	1	1	True	True	3,4,5,6,7
12a_1178	4	1	1	1	1	True	True	3,4,5,6,7
12a_1179	3	1	1	1	2	True	True	2
12a_118	3	1	1	1	2	True	True	2
12a_1180	4	1	1	1	1	True	True	3,4,5,6,7
12a_1181	3	1	1	1	2	True	True	2
12a_1182	4	1	1	1	1	True	True	3,4,5,6,7
12a_1183	3	1	1	1	2	True	True	2
12a_1184	4	1	1	1	1	True	True	3,4,5,6,7
12a_1185	3	1	1	1	2	True	True	2
12a_1186	4	1	1	1	1	True	True	3,4,5,6,7
12a_1187	4	1	1	1	1	True	True	3,4,5,6,7
12a_1188	4	1	1	1	1	True	True	3,4,5,6,7
12a_1189	3	1	1	1	2	True	True	2
12a_119	4	1	1	1	1	True	True	3,4,5,6,7
12a_1190	4	1	1	1	1	True	True	3,4,5,6,7
12a_1191	5	1	1	1	1	True	True	3,4,5,6,7
12a_1192	4	1	1	1	1	True	True	3,4,5,6,7
12a_1193	4	1	1	1	1	True	True	3,4,5,6,7
12a_1194	4	1	1	1	1	True	True	3,4,5,6,7
12a_1195	4	1	1	1	1	True	True	3,4,5,6,7
12a_1196	4	1	1	1	1	True	True	3,4,5,6,7
12a_1197	4	1	1	1	1	True	True	3,4,5,6,7
12a_1198	3	1	1	1	2	True	True	2
12a_1199	5	1	1	1	1	True	True	3,4,5,6,7
12a_12	3	1	1	1	2	True	True	2
12a_120	4	1	1	1	1	True	True	3,4,5,6,7
12a_1200	4	1	1	1	1	True	True	3,4,5,6,7
12a_1201	4	1	1	1	1	True	True	3,4,5,6,7
12a_1203	5	1	1	1	1	True	True	3,4,5,6,7
12a_1204	4	1	1	1	1	True	True	3,4,5,6,7
12a_1205	3	1	1	1	2	True	True	2
12a_1206	3	1	1	1	2	True	True	2
12a_1207	4	1	1	1	1	True	True	3,4,5,6,7
12a_1208	3	1	1	1	2	True	True	2
12a_1209	5	1	1	1	1	True	True	3,4,5,6,7
12a_121	3	1	1	1	2	True	True	2
12a_1210	5	1	1	1	1	True	True	3,4,5,6,7
12a_1211	5	1	1	1	1	True	True	3,4,5,6,7
12a_1212	5	1	1	1	1	True	True	3,4,5,6,7
12a_1213	4	1	1	1	1	True	True	3,4,5,6,7
12a_1214	5	1	1	1	1	True	True	3,4,5,6,7
12a_1215	5	1	1	1	1	True	True	3,4,5,6,7
12a_1216	4	1	1	1	1	True	True	3,4,5,6,7
12a_1217	3	1	1	1	2	True	True	2
12a_1218	5	1	1	1	1	True	True	3,4,5,6,7
12a_1219	5	1	1	1	1	True	True	3,4,5,6,7
12a_122	4	1	1	1	1	True	True	3,4,5,6,7
12a_1220	5	1	1	1	1	True	True	3,4,5,6,7
12a_1221	5	1	1	1	1	True	True	3,4,5,6,7
12a_1222	5	1	1	1	1	True	True	3,4,5,6,7
12a_1223	5	1	1	1	1	True	True	3,4,5,6,7
12a_1224	4	1	1	1	1	True	True	3,4,5,6,7
12a_1225	5	1	1	1	1	True	True	3,4,5,6,7
12a_1226	5	1	1	1	1	True	True	3,4,5,6,7
12a_1227	5	1	1	1	1	True	True	3,4,5,6,7
12a_1228	4	1	1	1	1	True	True	3,4,5,6,7
12a_1229	5	1	1	1	1	True	True	3,4,5,6,7
12a_123	4	1	1	1	1	True	True	3,4,5,6,7
12a_1230	5	1	1	1	1	True	True	3,4,5,6,7
12a_1231	5	1	1	1	1	True	True	3,4,5,6,7
12a_1232	4	1	1	1	1	True	True	3,4,5,6,7
12a_1233	5	1	1	1	1	True	True	3,4,5,6,7
12a_1234	4	1	1	1	1	True	True	3,4,5,6,7
12a_1235	5	1	1	1	1	True	True	3,4,5,6,7
12a_1236	4	1	1	1	1	True	True	3,4,5,6,7
12a_1237	4	1	1	1	1	True	True	3,4,5,6,7
12a_1238	5	1	1	1	1	True	True	3,4,5,6,7
12a_1239	4	1	1	1	1	True	True	3,4,5,6,7
12a_124	3	1	1	1	2	True	True	2
12a_1240	4	1	1	1	1	True	True	3,4,5,6,7
12a_1241	3	1	1	1	2	True	True	2
12a_1242	4	1	1	1	1	True	True	3,4,5,6,7
12a_1243	3	1	1	1	2	True	True	2
12a_1244	4	1	1	1	1	True	True	3,4,5,6,7
12a_1245	3	1	1	1	2	True	True	2
12a_1246	5	1	1	1	1	True	True	3,4,5,6,7
12a_1247	4	1	1	1	1	True	True	3,4,5,6,7
12a_1248	5	1	1	1	1	True	True	3,4,5,6,7
12a_1249	5	1	1	1	1	True	True	3,4,5,6,7
12a_125	3	1	1	1	2	True	True	2
12a_1250	5	1	1	1	1	True	True	3,4,5,6,7
12a_1251	3	1	1	1	2	True	True	2
12a_1252	4	1	1	1	1	True	True	3,4,5,6,7
12a_1253	5	1	1	1	1	True	True	3,4,5,6,7
12a_1254	5	1	1	1	1	True	True	3,4,5,6,7
12a_1255	5	1	1	1	1	True	True	3,4,5,6,7
12a_1256	4	1	1	1	1	True	True	3,4,5,6,7
12a_1257	4	1	1	1	1	True	True	3,4,5,6,7
12a_1258	5	1	1	1	1	True	True	3,4,5,6,7
12a_1259	4	1	1	1	1	True	True	3,4,5,6,7
12a_126	4	1	1	1	1	True	True	3,4,5,6,7
12a_1260	5	1	1	1	1	True	True	3,4,5,6,7
12a_1261	4	1	1	1	1	True	True	3,4,5,6,7
12a_1262	4	1	1	1	1	True	True	3,4,5,6,7
12a_1263	3	1	1	1	2	True	True	2
12a_1264	4	1	1	1	1	True	True	3,4,5,6,7
12a_1265	3	1	1	1	2	True	True	2
12a_1266	3	1	1	1	2	True	True	2
12a_1267	3	1	1	1	2	True	True	2
12a_1268	4	1	1	1	1	True	True	3,4,5,6,7
12a_1269	3	1	1	1	2	True	True	2
12a_127	3	1	1	1	2	True	True	2
12a_1270	4	1	1	1	1	True	True	3,4,5,6,7
12a_1271	3	1	1	1	2	True	True	2
12a_1272	4	1	1	1	1	True	True	3,4,5,6,7
12a_1273	5	1	1	1	1	True	True	3,4,5,6,7
12a_1274	4	1	1	1	1	True	True	3,4,5,6,7
12a_1275	3	1	1	1	2	True	True	2
12a_1276	4	1	1	1	1	True	True	3,4,5,6,7
12a_1277	3	1	1	1	2	True	True	2
12a_1278	3	1	1	1	2	True	True	2
12a_1279	2	1	1	2	2	True	True	1
12a_128	2	1	1	2	2	True	True	1
12a_1280	4	1	1	1	1	True	True	3,4,5,6,7
12a_1281	3	1	1	1	2	True	True	2
12a_1282	2	1	1	2	2	True	True	1
12a_1283	5	1	1	1	1	True	True	3,4,5,6,7
12a_1284	4	1	1	1	1	True	True	3,4,5,6,7
12a_1285	4	1	1	1	1	True	True	3,4,5,6,7
12a_1286	3	1	1	1	2	True	True	2
12a_1287	1	1	2	3	4	True	True	0
12a_1288	5	1	1	1	1	True	True	3,4,5,6,7
12a_129	4	1	1	1	1	True	True	3,4,5,6,7
12a_13	4	1	1	1	1	True	True	3,4,5,6,7
12a_130	3	1	1	1	2	True	True	2
12a_131	4	1	1	1	1	True	True	3,4,5,6,7
12a_132	4	1	1	1	1	True	True	3,4,5,6,7
12a_133	4	1	1	1	1	True	True	3,4,5,6,7
12a_134	4	1	1	1	1	True	True	3,4,5,6,7
12a_135	3	1	1	1	-	True	True	2,3,4,5,6,7
12a_136	4	1	1	1	1	True	True	3,4,5,6,7
12a_137	4	1	1	1	1	True	True	3,4,5,6,7
12a_138	4	1	1	1	1	True	True	3,4,5,6,7
12a_139	4	1	1	1	1	True	True	3,4,5,6,7
12a_14	4	1	1	1	1	True	True	3,4,5,6,7
12a_140	3	1	1	1	-	True	True	2,3,4,5,6,7
12a_141	4	1	1	1	1	True	True	3,4,5,6,7
12a_142	4	1	1	1	1	True	True	3,4,5,6,7
12a_143	4	1	1	1	1	True	True	3,4,5,6,7
12a_144	3	1	1	1	2	True	True	2
12a_145	3	1	1	1	2	True	True	2
12a_146	5	1	1	1	1	True	True	3,4,5,6,7
12a_147	4	1	1	1	1	True	True	3,4,5,6,7
12a_148	4	1	1	1	1	True	True	3,4,5,6,7
12a_149	4	1	1	1	1	True	True	3,4,5,6,7
12a_15	4	1	1	1	1	True	True	3,4,5,6,7
12a_150	3	1	1	1	2	True	True	2
12a_151	3	1	1	1	2	True	True	2
12a_152	2	1	1	2	2	True	True	1
12a_153	3	1	1	1	2	True	True	2
12a_154	3	1	1	1	-	True	True	2,3,4,5,6,7
12a_155	3	1	1	1	2	True	True	2
12a_156	2	1	1	2	2	True	True	1
12a_157	4	1	1	1	1	True	True	3,4,5,6,7
12a_158	4	1	1	1	1	True	True	3,4,5,6,7
12a_159	3	1	1	1	2	True	True	2
12a_16	4	1	1	1	1	True	True	3,4,5,6,7
12a_160	4	1	1	1	1	True	True	3,4,5,6,7
12a_161	3	1	1	1	2	True	True	2
12a_162	3	1	1	1	-	True	True	2,3,4,5,6,7
12a_163	3	1	1	1	-	True	True	2,3,4,5,6,7
12a_164	4	1	1	1	1	True	True	3,4,5,6,7
12a_165	3	1	1	1	2	True	True	2
12a_166	4	1	1	1	1	True	True	3,4,5,6,7
12a_167	4	1	1	1	1	True	True	3,4,5,6,7
12a_168	3	1	1	1	2	True	True	2
12a_169	2	1	1	2	2	True	True	1
12a_17	4	1	1	1	1	True	True	3,4,5,6,7
12a_170	3	1	1	1	2	True	True	2
12a_171	3	1	1	1	2	True	True	2
12a_172	4	1	1	1	1	True	True	3,4,5,6,7
12a_173	4	1	1	1	1	True	True	3,4,5,6,7
12a_174	4	1	1	1	1	True	True	3,4,5,6,7
12a_175	3	1	1	1	2	True	True	2
12a_176	3	1	1	1	2	True	True	2
12a_177	3	1	1	1	2	True	True	2
12a_178	3	1	1	1	2	True	True	2
12a_179	4	1	1	1	1	True	True	3,4,5,6,7
12a_18	4	1	1	1	1	True	True	3,4,5,6,7
12a_180	3	1	1	1	2	True	True	2
12a_181	3	1	1	1	2	True	True	2
12a_182	4	1	1	1	1	True	True	3,4,5,6,7
12a_183	2	1	1	2	2	True	True	1
12a_184	4	1	1	1	1	True	True	3,4,5,6,7
12a_185	4	1	1	1	1	True	True	3,4,5,6,7
12a_186	4	1	1	1	1	True	True	3,4,5,6,7
12a_187	3	1	1	1	-	True	True	2,3,4,5,6,7
12a_188	4	1	1	1	1	True	True	3,4,5,6,7
12a_189	4	1	1	1	1	True	True	3,4,5,6,7
12a_19	4	1	1	1	1	True	True	3,4,5,6,7
12a_190	4	1	1	1	1	True	True	3,4,5,6,7
12a_191	4	1	1	1	1	True	True	3,4,5,6,7
12a_192	3	1	1	1	-	True	True	2,3,4,5,6,7
12a_193	4	1	1	1	1	True	True	3,4,5,6,7
12a_194	3	1	1	1	2	True	True	2
12a_195	4	1	1	1	1	True	True	3,4,5,6,7
12a_196	3	1	1	1	2	True	True	2
12a_197	2	1	1	2	2	True	True	1
12a_198	3	1	1	1	-	True	True	2,3,4,5,6,7
12a_199	3	1	1	1	2	True	True	2
12a_2	4	1	1	1	1	True	True	3,4,5,6,7
12a_20	4	1	1	1	1	True	True	3,4,5,6,7
12a_200	4	1	1	1	1	True	True	3,4,5,6,7
12a_201	3	1	1	1	-	True	True	2,3,4,5,6,7
12a_202	4	1	1	1	1	True	True	3,4,5,6,7
12a_203	4	1	1	1	1	True	True	3,4,5,6,7
12a_204	3	1	1	1	2	True	True	2
12a_205	4	1	1	1	1	True	True	3,4,5,6,7
12a_206	3	1	1	1	2	True	True	2
12a_207	4	1	1	1	1	True	True	3,4,5,6,7
12a_208	3	1	1	1	2	True	True	2
12a_209	4	1	1	1	1	True	True	3,4,5,6,7
12a_21	3	1	1	1	2	True	True	2
12a_210	3	1	1	1	2	True	True	2
12a_211	4	1	1	1	1	True	True	3,4,5,6,7
12a_212	3	1	1	1	2	True	True	2
12a_213	4	1	1	1	1	True	True	3,4,5,6,7
12a_214	4	1	1	1	1	True	True	3,4,5,6,7
12a_215	4	1	1	1	1	True	True	3,4,5,6,7
12a_216	4	1	1	1	1	True	True	3,4,5,6,7
12a_217	4	1	1	1	1	True	True	3,4,5,6,7
12a_218	3	1	1	1	2	True	True	2
12a_219	4	1	1	1	1	True	True	3,4,5,6,7
12a_22	3	1	1	1	2	True	True	2
12a_220	4	1	1	1	1	True	True	3,4,5,6,7
12a_221	3	1	1	1	2	True	True	2
12a_222	4	1	1	1	1	True	True	3,4,5,6,7
12a_223	3	1	1	1	-	True	True	2,3,4,5,6,7
12a_224	4	1	1	1	1	True	True	3,4,5,6,7
12a_225	4	1	1	1	1	True	True	3,4,5,6,7
12a_226	3	1	1	1	2	True	True	2
12a_227	3	1	1	1	2	True	True	2
12a_228	4	1	1	1	1	True	True	3,4,5,6,7
12a_229	3	1	1	1	2	True	True	2
12a_23	3	1	1	1	2	True	True	2
12a_230	3	1	1	1	-	True	True	2,3,4,5,6,7
12a_231	3	1	1	1	2	True	True	2
12a_232	3	1	1	1	2	True	True	2
12a_233	4	1	1	1	1	True	True	3,4,5,6,7
12a_234	4	1	1	1	1	True	True	3,4,5,6,7
12a_235	3	1	1	1	2	True	True	2
12a_236	4	1	1	1	1	True	True	3,4,5,6,7
12a_237	3	1	1	1	2	True	True	2
12a_238	3	1	1	1	2	True	True	2
12a_239	2	1	1	2	2	True	True	1
12a_24	4	1	1	1	1	True	True	3,4,5,6,7
12a_240	4	1	1	1	1	True	True	3,4,5,6,7
12a_241	3	1	1	1	2	True	True	2
12a_242	4	1	1	1	1	True	True	3,4,5,6,7
12a_243	3	1	1	1	2	True	True	2
12a_244	3	1	1	1	2	True	True	2
12a_245	4	1	1	1	1	True	True	3,4,5,6,7
12a_246	4	1	1	1	1	True	True	3,4,5,6,7
12a_247	3	1	1	1	2	True	True	2
12a_248	3	1	1	1	2	True	True	2
12a_249	3	1	1	1	2	True	True	2
12a_25	3	1	1	1	2	True	True	2
12a_250	4	1	1	1	1	True	True	3,4,5,6,7
12a_251	3	1	1	1	2	True	True	2
12a_252	4	1	1	1	1	True	True	3,4,5,6,7
12a_253	3	1	1	1	2	True	True	2
12a_254	3	1	1	1	2	True	True	2
12a_255	2	1	1	2	2	True	True	1
12a_256	3	1	1	1	-	True	True	2,3,4,5,6,7
12a_257	3	1	1	1	2	True	True	2
12a_258	4	1	1	1	1	True	True	3,4,5,6,7
12a_259	3	1	1	1	2	True	True	2
12a_26	4	1	1	1	1	True	True	3,4,5,6,7
12a_260	4	1	1	1	1	True	True	3,4,5,6,7
12a_261	4	1	1	1	1	True	True	3,4,5,6,7
12a_262	4	1	1	1	1	True	True	3,4,5,6,7
12a_263	3	1	1	1	2	True	True	2
12a_264	4	1	1	1	1	True	True	3,4,5,6,7
12a_265	4	1	1	1	1	True	True	3,4,5,6,7
12a_266	4	1	1	1	1	True	True	3,4,5,6,7
12a_267	3	1	1	1	2	True	True	2
12a_268	4	1	1	1	1	True	True	3,4,5,6,7
12a_269	3	1	1	1	2	True	True	2
12a_27	3	1	1	1	2	True	True	2
12a_270	2	1	1	2	2	True	True	1
12a_271	4	1	1	1	1	True	True	3,4,5,6,7
12a_272	3	1	1	1	2	True	True	2
12a_273	3	1	1	1	2	True	True	2
12a_274	4	1	1	1	1	True	True	3,4,5,6,7
12a_275	3	1	1	1	2	True	True	2
12a_276	4	1	1	1	1	True	True	3,4,5,6,7
12a_277	3	1	1	1	2	True	True	2
12a_278	4	1	1	1	1	True	True	3,4,5,6,7
12a_279	3	1	1	1	2	True	True	2
12a_28	3	1	1	1	2	True	True	2
12a_280	4	1	1	1	1	True	True	3,4,5,6,7
12a_281	4	1	1	1	1	True	True	3,4,5,6,7
12a_282	4	1	1	1	1	True	True	3,4,5,6,7
12a_283	4	1	1	1	1	True	True	3,4,5,6,7
12a_284	4	1	1	1	1	True	True	3,4,5,6,7
12a_285	4	1	1	1	1	True	True	3,4,5,6,7
12a_286	3	1	1	1	-	True	True	2,3,4,5,6,7
12a_287	4	1	1	1	1	True	True	3,4,5,6,7
12a_288	4	1	1	1	1	True	True	3,4,5,6,7
12a_289	3	1	1	1	2	True	True	2
12a_29	4	1	1	1	1	True	True	3,4,5,6,7
12a_290	4	1	1	1	1	True	True	3,4,5,6,7
12a_291	3	1	1	1	2	True	True	2
12a_292	4	1	1	1	1	True	True	3,4,5,6,7
12a_293	3	1	1	1	2	True	True	2
12a_294	4	1	1	1	1	True	True	3,4,5,6,7
12a_295	3	1	1	1	2	True	True	2
12a_296	3	1	1	1	-	True	True	2,3,4,5,6,7
12a_297	4	1	1	1	1	True	True	3,4,5,6,7
12a_298	4	1	1	1	1	True	True	3,4,5,6,7
12a_299	4	1	1	1	1	True	True	3,4,5,6,7
12a_3	3	1	1	1	2	True	True	2
12a_30	4	1	1	1	1	True	True	3,4,5,6,7
12a_300	3	1	1	1	2	True	True	2
12a_301	3	1	1	1	-	True	True	2,3,4,5,6,7
12a_302	3	1	1	1	2	True	True	2
12a_303	3	1	1	1	2	True	True	2
12a_304	4	1	1	1	1	True	True	3,4,5,6,7
12a_305	4	1	1	1	1	True	True	3,4,5,6,7
12a_306	3	1	1	1	2	True	True	2
12a_307	3	1	1	1	2	True	True	2
12a_308	3	1	1	1	-	True	True	2,3,4,5,6,7
12a_309	3	1	1	1	-	True	True	2,3,4,5,6,7
12a_31	3	1	1	1	2	True	True	2
12a_310	4	1	1	1	1	True	True	3,4,5,6,7
12a_311	3	1	1	1	2	True	True	2
12a_312	2	1	1	2	-	True	True	1
12a_313	3	1	1	1	2	True	True	2
12a_315	3	1	1	1	2	True	True	2
12a_316	4	1	1	1	1	True	True	3,4,5,6,7
12a_317	3	1	1	1	2	True	True	2
12a_318	4	1	1	1	1	True	True	3,4,5,6,7
12a_319	3	1	1	1	2	True	True	2
12a_32	3	1	1	1	2	True	True	2
12a_321	4	1	1	1	1	True	True	3,4,5,6,7
12a_322	3	1	1	1	2	True	True	2
12a_323	4	1	1	1	1	True	True	3,4,5,6,7
12a_324	4	1	1	1	1	True	True	3,4,5,6,7
12a_325	4	1	1	1	1	True	True	3,4,5,6,7
12a_327	3	1	1	1	2	True	True	2
12a_328	4	1	1	1	1	True	True	3,4,5,6,7
12a_329	3	1	1	1	2	True	True	2
12a_33	4	1	1	1	1	True	True	3,4,5,6,7
12a_330	2	1	1	2	2	True	True	1
12a_331	4	1	1	1	1	True	True	3,4,5,6,7
12a_332	3	1	1	1	2	True	True	2
12a_333	4	1	1	1	1	True	True	3,4,5,6,7
12a_334	4	1	1	1	1	True	True	3,4,5,6,7
12a_335	4	1	1	1	1	True	True	3,4,5,6,7
12a_336	3	1	1	1	2	True	True	2
12a_338	3	1	1	1	2	True	True	2
12a_34	4	1	1	1	1	True	True	3,4,5,6,7
12a_341	4	1	1	1	1	True	True	3,4,5,6,7
12a_342	4	1	1	1	1	True	True	3,4,5,6,7
12a_344	3	1	1	1	2	True	True	2
12a_345	2	1	1	2	2	True	True	1
12a_346	4	1	1	1	1	True	True	3,4,5,6,7
12a_347	3	1	1	1	2	True	True	2
12a_349	4	1	1	1	1	True	True	3,4,5,6,7
12a_35	3	1	1	1	2	True	True	2
12a_350	3	1	1	1	2	True	True	2
12a_351	4	1	1	1	1	True	True	3,4,5,6,7
12a_352	4	1	1	1	1	True	True	3,4,5,6,7
12a_353	3	1	1	1	2	True	True	2
12a_354	3	1	1	1	2	True	True	2
12a_355	3	1	1	1	2	True	True	2
12a_356	2	1	1	2	2	True	True	1
12a_357	3	1	1	1	2	True	True	2
12a_358	4	1	1	1	1	True	True	3,4,5,6,7
12a_359	4	1	1	1	1	True	True	3,4,5,6,7
12a_36	4	1	1	1	1	True	True	3,4,5,6,7
12a_361	4	1	1	1	1	True	True	3,4,5,6,7
12a_362	4	1	1	1	1	True	True	3,4,5,6,7
12a_363	4	1	1	1	1	True	True	3,4,5,6,7
12a_364	4	1	1	1	1	True	True	3,4,5,6,7
12a_365	4	1	1	1	1	True	True	3,4,5,6,7
12a_366	3	1	1	1	2	True	True	2
12a_367	4	1	1	1	1	True	True	3,4,5,6,7
12a_368	3	1	1	1	2	True	True	2
12a_369	5	1	1	1	1	True	True	3,4,5,6,7
12a_37	3	1	1	1	2	True	True	2
12a_370	4	1	1	1	1	True	True	3,4,5,6,7
12a_371	4	1	1	1	1	True	True	3,4,5,6,7
12a_372	3	1	1	1	2	True	True	2
12a_373	4	1	1	1	1	True	True	3,4,5,6,7
12a_374	4	1	1	1	1	True	True	3,4,5,6,7
12a_375	4	1	1	1	1	True	True	3,4,5,6,7
12a_376	3	1	1	1	2	True	True	2
12a_377	4	1	1	1	1	True	True	3,4,5,6,7
12a_378	3	1	1	1	2	True	True	2
12a_379	3	1	1	1	2	True	True	2
12a_38	2	1	1	2	2	True	True	1
12a_380	2	1	1	2	2	True	True	1
12a_381	3	1	1	1	2	True	True	2
12a_382	4	1	1	1	1	True	True	3,4,5,6,7
12a_383	4	1	1	1	1	True	True	3,4,5,6,7
12a_384	3	1	1	1	2	True	True	2
12a_385	3	1	1	1	2	True	True	2
12a_386	4	1	1	1	1	True	True	3,4,5,6,7
12a_387	4	1	1	1	1	True	True	3,4,5,6,7
12a_388	4	1	1	1	1	True	True	3,4,5,6,7
12a_389	4	1	1	1	1	True	True	3,4,5,6,7
12a_39	4	1	1	1	1	True	True	3,4,5,6,7
12a_390	4	1	1	1	1	True	True	3,4,5,6,7
12a_391	3	1	1	1	2	True	True	2
12a_393	3	1	1	1	2	True	True	2
12a_394	4	1	1	1	1	True	True	3,4,5,6,7
12a_395	3	1	1	1	2	True	True	2
12a_396	4	1	1	1	1	True	True	3,4,5,6,7
12a_398	4	1	1	1	1	True	True	3,4,5,6,7
12a_399	3	1	1	1	2	True	True	2
12a_4	4	1	1	1	1	True	True	3,4,5,6,7
12a_40	4	1	1	1	1	True	True	3,4,5,6,7
12a_401	3	1	1	1	2	True	True	2
12a_402	4	1	1	1	1	True	True	3,4,5,6,7
12a_406	3	1	1	1	2	True	True	2
12a_408	3	1	1	1	2	True	True	2
12a_409	4	1	1	1	1	True	True	3,4,5,6,7
12a_41	4	1	1	1	1	True	True	3,4,5,6,7
12a_410	3	1	1	1	2	True	True	2
12a_411	4	1	1	1	1	True	True	3,4,5,6,7
12a_412	3	1	1	1	2	True	True	2
12a_413	4	1	1	1	1	True	True	3,4,5,6,7
12a_415	4	1	1	1	1	True	True	3,4,5,6,7
12a_416	4	1	1	1	1	True	True	3,4,5,6,7
12a_417	4	1	1	1	1	True	True	3,4,5,6,7
12a_418	4	1	1	1	1	True	True	3,4,5,6,7
12a_419	4	1	1	1	1	True	True	3,4,5,6,7
12a_42	3	1	1	1	2	True	True	2
12a_420	3	1	1	1	2	True	True	2
12a_421	2	1	1	2	2	True	True	1
12a_422	4	1	1	1	1	True	True	3,4,5,6,7
12a_423	3	1	1	1	2	True	True	2
12a_424	3	1	1	1	2	True	True	2
12a_425	2	1	1	2	2	True	True	1
12a_426	4	1	1	1	1	True	True	3,4,5,6,7
12a_427	4	1	1	1	1	True	True	3,4,5,6,7
12a_428	4	1	1	1	1	True	True	3,4,5,6,7
12a_429	3	1	1	1	2	True	True	2
12a_43	3	1	1	1	2	True	True	2
12a_430	4	1	1	1	1	True	True	3,4,5,6,7
12a_431	3	1	1	1	2	True	True	2
12a_432	3	1	1	1	2	True	True	2
12a_433	3	1	1	1	2	True	True	2
12a_434	4	1	1	1	1	True	True	3,4,5,6,7
12a_435	4	1	1	1	1	True	True	3,4,5,6,7
12a_436	4	1	1	1	1	True	True	3,4,5,6,7
12a_437	3	1	1	1	2	True	True	2
12a_438	4	1	1	1	1	True	True	3,4,5,6,7
12a_439	4	1	1	1	1	True	True	3,4,5,6,7
12a_44	3	1	1	1	2	True	True	2
12a_440	4	1	1	1	1	True	True	3,4,5,6,7
12a_441	3	1	1	1	2	True	True	2
12a_442	3	1	1	1	2	True	True	2
12a_443	2	1	1	2	2	True	True	1
12a_444	3	1	1	1	2	True	True	2
12a_445	4	1	1	1	1	True	True	3,4,5,6,7
12a_446	4	1	1	1	1	True	True	3,4,5,6,7
12a_447	3	1	1	1	2	True	True	2
12a_448	2	1	1	2	2	True	True	1
12a_45	4	1	1	1	1	True	True	3,4,5,6,7
12a_451	4	1	1	1	1	True	True	3,4,5,6,7
12a_452	4	1	1	1	1	True	True	3,4,5,6,7
12a_453	4	1	1	1	1	True	True	3,4,5,6,7
12a_454	3	1	1	1	2	True	True	2
12a_455	4	1	1	1	1	True	True	3,4,5,6,7
12a_456	4	1	1	1	1	True	True	3,4,5,6,7
12a_457	4	1	1	1	1	True	True	3,4,5,6,7
12a_458	4	1	1	1	1	True	True	3,4,5,6,7
12a_46	3	1	1	1	2	True	True	2
12a_461	3	1	1	1	2	True	True	2
12a_462	4	1	1	1	1	True	True	3,4,5,6,7
12a_463	3	1	1	1	2	True	True	2
12a_464	4	1	1	1	1	True	True	3,4,5,6,7
12a_465	4	1	1	1	1	True	True	3,4,5,6,7
12a_466	4	1	1	1	1	True	True	3,4,5,6,7
12a_467	4	1	1	1	1	True	True	3,4,5,6,7
12a_468	4	1	1	1	1	True	True	3,4,5,6,7
12a_469	4	1	1	1	1	True	True	3,4,5,6,7
12a_47	3	1	1	1	2	True	True	2
12a_470	4	1	1	1	1	True	True	3,4,5,6,7
12a_471	2	1	1	2	2	True	True	1
12a_473	4	1	1	1	1	True	True	3,4,5,6,7
12a_474	4	1	1	1	1	True	True	3,4,5,6,7
12a_475	4	1	1	1	1	True	True	3,4,5,6,7
12a_476	4	1	1	1	1	True	True	3,4,5,6,7
12a_477	3	1	1	1	2	True	True	2
12a_478	4	1	1	1	1	True	True	3,4,5,6,7
12a_479	4	1	1	1	1	True	True	3,4,5,6,7
12a_48	4	1	1	1	1	True	True	3,4,5,6,7
12a_480	4	1	1	1	1	True	True	3,4,5,6,7
12a_481	3	1	1	1	2	True	True	2
12a_482	2	1	1	2	2	True	True	1
12a_483	4	1	1	1	1	True	True	3,4,5,6,7
12a_484	4	1	1	1	1	True	True	3,4,5,6,7
12a_485	4	1	1	1	1	True	True	3,4,5,6,7
12a_486	4	1	1	1	1	True	True	3,4,5,6,7
12a_487	4	1	1	1	1	True	True	3,4,5,6,7
12a_488	4	1	1	1	1	True	True	3,4,5,6,7
12a_49	3	1	1	1	2	True	True	2
12a_490	3	1	1	1	2	True	True	2
12a_493	4	1	1	1	1	True	True	3,4,5,6,7
12a_495	4	1	1	1	1	True	True	3,4,5,6,7
12a_496	4	1	1	1	1	True	True	3,4,5,6,7
12a_497	4	1	1	1	1	True	True	3,4,5,6,7
12a_498	4	1	1	1	1	True	True	3,4,5,6,7
12a_499	4	1	1	1	1	True	True	3,4,5,6,7
12a_5	3	1	1	1	2	True	True	2
12a_50	4	1	1	1	1	True	True	3,4,5,6,7
12a_500	4	1	1	1	1	True	True	3,4,5,6,7
12a_501	4	1	1	1	1	True	True	3,4,5,6,7
12a_502	4	1	1	1	1	True	True	3,4,5,6,7
12a_503	4	1	1	1	1	True	True	3,4,5,6,7
12a_504	3	1	1	1	2	True	True	2
12a_505	4	1	1	1	1	True	True	3,4,5,6,7
12a_506	4	1	1	1	1	True	True	3,4,5,6,7
12a_507	4	1	1	1	1	True	True	3,4,5,6,7
12a_508	3	1	1	1	2	True	True	2
12a_509	4	1	1	1	1	True	True	3,4,5,6,7
12a_51	3	1	1	1	2	True	True	2
12a_510	3	1	1	1	2	True	True	2
12a_511	4	1	1	1	1	True	True	3,4,5,6,7
12a_512	4	1	1	1	1	True	True	3,4,5,6,7
12a_513	3	1	1	1	2	True	True	2
12a_514	3	1	1	1	2	True	True	2
12a_515	4	1	1	1	1	True	True	3,4,5,6,7
12a_516	4	1	1	1	1	True	True	3,4,5,6,7
12a_517	4	1	1	1	1	True	True	3,4,5,6,7
12a_518	3	1	1	1	2	True	True	2
12a_519	4	1	1	1	1	True	True	3,4,5,6,7
12a_52	4	1	1	1	1	True	True	3,4,5,6,7
12a_520	3	1	1	1	2	True	True	2
12a_521	4	1	1	1	1	True	True	3,4,5,6,7
12a_522	3	1	1	1	2	True	True	2
12a_523	4	1	1	1	1	True	True	3,4,5,6,7
12a_524	3	1	1	1	2	True	True	2
12a_525	3	1	1	1	2	True	True	2
12a_526	4	1	1	1	1	True	True	3,4,5,6,7
12a_527	4	1	1	1	1	True	True	3,4,5,6,7
12a_528	4	1	1	1	1	True	True	3,4,5,6,7
12a_529	3	1	1	1	2	True	True	2
12a_53	3	1	1	1	2	True	True	2
12a_531	4	1	1	1	1	True	True	3,4,5,6,7
12a_532	3	1	1	1	2	True	True	2
12a_533	4	1	1	1	1	True	True	3,4,5,6,7
12a_534	3	1	1	1	2	True	True	2
12a_535	4	1	1	1	1	True	True	3,4,5,6,7
12a_536	4	1	1	1	1	True	True	3,4,5,6,7
12a_537	3	1	1	1	2	True	True	2
12a_538	4	1	1	1	1	True	True	3,4,5,6,7
12a_539	3	1	1	1	2	True	True	2
12a_54	3	1	1	1	2	True	True	2
12a_540	3	1	1	1	2	True	True	2
12a_541	4	1	1	1	1	True	True	3,4,5,6,7
12a_542	2	1	1	2	2	True	True	1
12a_544	4	1	1	1	1	True	True	3,4,5,6,7
12a_545	3	1	1	1	2	True	True	2
12a_547	3	1	1	1	2	True	True	2
12a_548	3	1	1	1	2	True	True	2
12a_549	2	1	1	2	2	True	True	1
12a_55	3	1	1	1	2	True	True	2
12a_550	3	1	1	1	2	True	True	2
12a_551	2	1	1	2	2	True	True	1
12a_552	3	1	1	1	2	True	True	2
12a_553	4	1	1	1	1	True	True	3,4,5,6,7
12a_554	3	1	1	1	2	True	True	2
12a_556	3	1	1	1	2	True	True	2
12a_557	2	1	1	2	2	True	True	1
12a_558	4	1	1	1	1	True	True	3,4,5,6,7
12a_559	3	1	1	1	2	True	True	2
12a_56	2	1	1	2	2	True	True	1
12a_560	3	1	1	1	2	True	True	2
12a_561	4	1	1	1	1	True	True	3,4,5,6,7
12a_562	3	1	1	1	2	True	True	2
12a_563	3	1	1	1	2	True	True	2
12a_564	2	1	1	2	2	True	True	1
12a_565	4	1	1	1	1	True	True	3,4,5,6,7
12a_566	3	1	1	1	2	True	True	2
12a_567	4	1	1	1	1	True	True	3,4,5,6,7
12a_568	3	1	1	1	2	True	True	2
12a_569	4	1	1	1	1	True	True	3,4,5,6,7
12a_57	3	1	1	1	2	True	True	2
12a_570	3	1	1	1	2	True	True	2
12a_571	4	1	1	1	1	True	True	3,4,5,6,7
12a_572	4	1	1	1	1	True	True	3,4,5,6,7
12a_573	4	1	1	1	1	True	True	3,4,5,6,7
12a_574	4	1	1	1	1	True	True	3,4,5,6,7
12a_575	3	1	1	1	2	True	True	2
12a_576	5	1	1	1	1	True	True	3,4,5,6,7
12a_577	4	1	1	1	1	True	True	3,4,5,6,7
12a_578	4	1	1	1	1	True	True	3,4,5,6,7
12a_579	4	1	1	1	1	True	True	3,4,5,6,7
12a_58	4	1	1	1	1	True	True	3,4,5,6,7
12a_580	4	1	1	1	1	True	True	3,4,5,6,7
12a_581	3	1	1	1	2	True	True	2
12a_582	3	1	1	1	2	True	True	2
12a_583	4	1	1	1	1	True	True	3,4,5,6,7
12a_584	4	1	1	1	1	True	True	3,4,5,6,7
12a_585	3	1	1	1	2	True	True	2
12a_586	3	1	1	1	2	True	True	2
12a_587	4	1	1	1	1	True	True	3,4,5,6,7
12a_588	4	1	1	1	1	True	True	3,4,5,6,7
12a_589	4	1	1	1	1	True	True	3,4,5,6,7
12a_59	4	1	1	1	1	True	True	3,4,5,6,7
12a_590	4	1	1	1	1	True	True	3,4,5,6,7
12a_591	3	1	1	1	2	True	True	2
12a_592	3	1	1	1	2	True	True	2
12a_593	3	1	1	1	2	True	True	2
12a_594	3	1	1	1	2	True	True	2
12a_595	3	1	1	1	2	True	True	2
12a_596	2	1	1	2	2	True	True	1
12a_597	3	1	1	1	2	True	True	2
12a_598	4	1	1	1	1	True	True	3,4,5,6,7
12a_599	4	1	1	1	1	True	True	3,4,5,6,7
12a_6	4	1	1	1	1	True	True	3,4,5,6,7
12a_60	4	1	1	1	1	True	True	3,4,5,6,7
12a_600	3	1	1	1	2	True	True	2
12a_601	2	1	1	2	2	True	True	1
12a_602	4	1	1	1	1	True	True	3,4,5,6,7
12a_603	3	1	1	1	2	True	True	2
12a_605	4	1	1	1	1	True	True	3,4,5,6,7
12a_606	3	1	1	1	2	True	True	2
12a_607	4	1	1	1	1	True	True	3,4,5,6,7
12a_608	3	1	1	1	2	True	True	2
12a_609	3	1	1	1	2	True	True	2
12a_61	4	1	1	1	1	True	True	3,4,5,6,7
12a_611	3	1	1	1	2	True	True	2
12a_612	3	1	1	1	2	True	True	2
12a_613	3	1	1	1	2	True	True	2
12a_615	3	1	1	1	2	True	True	2
12a_616	4	1	1	1	1	True	True	3,4,5,6,7
12a_617	4	1	1	1	1	True	True	3,4,5,6,7
12a_618	4	1	1	1	1	True	True	3,4,5,6,7
12a_619	2	1	1	2	2	True	True	1
12a_62	3	1	1	1	2	True	True	2
12a_620	4	1	1	1	1	True	True	3,4,5,6,7
12a_621	4	1	1	1	1	True	True	3,4,5,6,7
12a_623	3	1	1	1	2	True	True	2
12a_624	3	1	1	1	2	True	True	2
12a_626	4	1	1	1	1	True	True	3,4,5,6,7
12a_627	4	1	1	1	1	True	True	3,4,5,6,7
12a_628	3	1	1	1	2	True	True	2
12a_629	4	1	1	1	1	True	True	3,4,5,6,7
12a_63	4	1	1	1	1	True	True	3,4,5,6,7
12a_630	4	1	1	1	1	True	True	3,4,5,6,7
12a_631	3	1	1	1	2	True	True	2
12a_632	3	1	1	1	2	True	True	2
12a_633	3	1	1	1	2	True	True	2
12a_634	3	1	1	1	2	True	True	2
12a_636	2	1	1	2	2	True	True	1
12a_637	4	1	1	1	1	True	True	3,4,5,6,7
12a_638	3	1	1	1	2	True	True	2
12a_639	4	1	1	1	1	True	True	3,4,5,6,7
12a_64	3	1	1	1	2	True	True	2
12a_640	3	1	1	1	2	True	True	2
12a_641	4	1	1	1	1	True	True	3,4,5,6,7
12a_642	3	1	1	1	2	True	True	2
12a_643	3	1	1	1	2	True	True	2
12a_644	2	1	1	2	2	True	True	1
12a_645	4	1	1	1	1	True	True	3,4,5,6,7
12a_646	4	1	1	1	1	True	True	3,4,5,6,7
12a_647	4	1	1	1	1	True	True	3,4,5,6,7
12a_648	3	1	1	1	2	True	True	2
12a_649	4	1	1	1	1	True	True	3,4,5,6,7
12a_65	4	1	1	1	1	True	True	3,4,5,6,7
12a_650	3	1	1	1	2	True	True	2
12a_651	4	1	1	1	1	True	True	3,4,5,6,7
12a_652	3	1	1	1	2	True	True	2
12a_654	3	1	1	1	2	True	True	2
12a_655	3	1	1	1	2	True	True	2
12a_656	3	1	1	1	2	True	True	2
12a_657	4	1	1	1	1	True	True	3,4,5,6,7
12a_658	3	1	1	1	2	True	True	2
12a_659	3	1	1	1	2	True	True	2
12a_66	4	1	1	1	1	True	True	3,4,5,6,7
12a_660	4	1	1	1	1	True	True	3,4,5,6,7
12a_661	3	1	1	1	2	True	True	2
12a_662	4	1	1	1	1	True	True	3,4,5,6,7
12a_664	4	1	1	1	1	True	True	3,4,5,6,7
12a_667	4	1	1	1	1	True	True	3,4,5,6,7
12a_668	4	1	1	1	1	True	True	3,4,5,6,7
12a_669	3	1	1	1	2	True	True	2
12a_67	4	1	1	1	1	True	True	3,4,5,6,7
12a_670	4	1	1	1	1	True	True	3,4,5,6,7
12a_671	4	1	1	1	1	True	True	3,4,5,6,7
12a_672	4	1	1	1	1	True	True	3,4,5,6,7
12a_673	4	1	1	1	1	True	True	3,4,5,6,7
12a_674	4	1	1	1	1	True	True	3,4,5,6,7
12a_675	4	1	1	1	1	True	True	3,4,5,6,7
12a_676	3	1	1	1	2	True	True	2
12a_677	3	1	1	1	2	True	True	2
12a_678	3	1	1	1	2	True	True	2
12a_679	2	1	1	2	2	True	True	1
12a_68	3	1	1	1	-	True	True	2,3,4,5,6,7
12a_680	4	1	1	1	1	True	True	3,4,5,6,7
12a_681	4	1	1	1	1	True	True	3,4,5,6,7
12a_682	3	1	1	1	2	True	True	2
12a_683	4	1	1	1	1	True	True	3,4,5,6,7
12a_684	3	1	1	1	2	True	True	2
12a_685	3	1	1	1	2	True	True	2
12a_686	3	1	1	1	2	True	True	2
12a_688	4	1	1	1	1	True	True	3,4,5,6,7
12a_689	3	1	1	1	2	True	True	2
12a_69	4	1	1	1	1	True	True	3,4,5,6,7
12a_690	2	1	1	2	2	True	True	1
12a_691	2	1	1	2	2	True	True	1
12a_692	4	1	1	1	1	True	True	3,4,5,6,7
12a_693	4	1	1	1	1	True	True	3,4,5,6,7
12a_694	4	1	1	1	1	True	True	3,4,5,6,7
12a_695	4	1	1	1	1	True	True	3,4,5,6,7
12a_696	4	1	1	1	1	True	True	3,4,5,6,7
12a_697	4	1	1	1	1	True	True	3,4,5,6,7
12a_698	4	1	1	1	1	True	True	3,4,5,6,7
12a_699	4	1	1	1	1	True	True	3,4,5,6,7
12a_7	4	1	1	1	1	True	True	3,4,5,6,7
12a_70	4	1	1	1	1	True	True	3,4,5,6,7
12a_700	4	1	1	1	1	True	True	3,4,5,6,7
12a_701	4	1	1	1	1	True	True	3,4,5,6,7
12a_702	4	1	1	1	1	True	True	3,4,5,6,7
12a_703	4	1	1	1	1	True	True	3,4,5,6,7
12a_704	4	1	1	1	1	True	True	3,4,5,6,7
12a_705	4	1	1	1	1	True	True	3,4,5,6,7
12a_706	4	1	1	1	1	True	True	3,4,5,6,7
12a_707	4	1	1	1	1	True	True	3,4,5,6,7
12a_708	4	1	1	1	1	True	True	3,4,5,6,7
12a_709	4	1	1	1	1	True	True	3,4,5,6,7
12a_71	4	1	1	1	1	True	True	3,4,5,6,7
12a_710	4	1	1	1	1	True	True	3,4,5,6,7
12a_711	4	1	1	1	1	True	True	3,4,5,6,7
12a_712	4	1	1	1	1	True	True	3,4,5,6,7
12a_713	4	1	1	1	1	True	True	3,4,5,6,7
12a_714	4	1	1	1	1	True	True	3,4,5,6,7
12a_715	3	1	1	1	2	True	True	2
12a_716	5	1	1	1	1	True	True	3,4,5,6,7
12a_717	4	1	1	1	1	True	True	3,4,5,6,7
12a_718	4	1	1	1	1	True	True	3,4,5,6,7
12a_719	3	1	1	1	2	True	True	2
12a_72	3	1	1	1	-	True	True	2,3,4,5,6,7
12a_720	4	1	1	1	1	True	True	3,4,5,6,7
12a_721	3	1	1	1	2	True	True	2
12a_722	5	1	1	1	1	True	True	3,4,5,6,7
12a_723	4	1	1	1	1	True	True	3,4,5,6,7
12a_724	4	1	1	1	1	True	True	3,4,5,6,7
12a_725	3	1	1	1	2	True	True	2
12a_726	4	1	1	1	1	True	True	3,4,5,6,7
12a_727	3	1	1	1	2	True	True	2
12a_728	4	1	1	1	1	True	True	3,4,5,6,7
12a_729	3	1	1	1	2	True	True	2
12a_73	3	1	1	1	-	True	True	2,3,4,5,6,7
12a_730	3	1	1	1	2	True	True	2
12a_731	3	1	1	1	2	True	True	2
12a_732	3	1	1	1	2	True	True	2
12a_733	3	1	1	1	2	True	True	2
12a_734	4	1	1	1	1	True	True	3,4,5,6,7
12a_735	2	1	1	2	2	True	True	1
12a_736	3	1	1	1	2	True	True	2
12a_737	4	1	1	1	1	True	True	3,4,5,6,7
12a_738	3	1	1	1	2	True	True	2
12a_739	4	1	1	1	1	True	True	3,4,5,6,7
12a_74	4	1	1	1	1	True	True	3,4,5,6,7
12a_740	3	1	1	1	2	True	True	2
12a_741	3	1	1	1	2	True	True	2
12a_742	4	1	1	1	1	True	True	3,4,5,6,7
12a_743	2	1	1	2	2	True	True	1
12a_744	2	1	1	2	2	True	True	1
12a_745	2	1	1	2	2	True	True	1
12a_746	4	1	1	1	1	True	True	3,4,5,6,7
12a_747	4	1	1	1	1	True	True	3,4,5,6,7
12a_748	3	1	1	1	2	True	True	2
12a_749	3	1	1	1	2	True	True	2
12a_75	3	1	1	1	2	True	True	2
12a_750	2	1	1	2	2	True	True	1
12a_752	2	1	1	2	2	True	True	1
12a_753	2	1	1	2	2	True	True	1
12a_754	4	1	1	1	1	True	True	3,4,5,6,7
12a_755	4	1	1	1	1	True	True	3,4,5,6,7
12a_756	4	1	1	1	1	True	True	3,4,5,6,7
12a_757	4	1	1	1	1	True	True	3,4,5,6,7
12a_758	3	1	1	1	2	True	True	2
12a_759	4	1	1	1	1	True	True	3,4,5,6,7
12a_76	2	1	1	2	-	True	True	1
12a_760	3	1	1	1	2	True	True	2
12a_761	3	1	1	1	2	True	True	2
12a_762	4	1	1	1	1	True	True	3,4,5,6,7
12a_763	3	1	1	1	2	True	True	2
12a_764	3	1	1	1	2	True	True	2
12a_765	4	1	1	1	1	True	True	3,4,5,6,7
12a_766	4	1	1	1	1	True	True	3,4,5,6,7
12a_767	2	1	1	2	2	True	True	1
12a_768	4	1	1	1	1	True	True	3,4,5,6,7
12a_77	4	1	1	1	1	True	True	3,4,5,6,7
12a_771	3	1	1	1	2	True	True	2
12a_772	3	1	1	1	2	True	True	2
12a_773	2	1	1	2	2	True	True	1
12a_774	2	1	1	2	2	True	True	1
12a_775	2	1	1	2	2	True	True	1
12a_776	4	1	1	1	1	True	True	3,4,5,6,7
12a_777	4	1	1	1	1	True	True	3,4,5,6,7
12a_778	4	1	1	1	1	True	True	3,4,5,6,7
12a_78	4	1	1	1	1	True	True	3,4,5,6,7
12a_780	3	1	1	1	2	True	True	2
12a_784	4	1	1	1	1	True	True	3,4,5,6,7
12a_785	4	1	1	1	1	True	True	3,4,5,6,7
12a_787	2	1	1	2	2	True	True	1
12a_788	4	1	1	1	1	True	True	3,4,5,6,7
12a_789	4	1	1	1	1	True	True	3,4,5,6,7
12a_79	4	1	1	1	1	True	True	3,4,5,6,7
12a_790	3	1	1	1	2	True	True	2
12a_791	3	1	1	1	2	True	True	2
12a_792	2	1	1	2	2	True	True	1
12a_793	4	1	1	1	1	True	True	3,4,5,6,7
12a_794	4	1	1	1	1	True	True	3,4,5,6,7
12a_795	3	1	1	1	2	True	True	2
12a_796	3	1	1	1	2	True	True	2
12a_797	2	1	1	2	2	True	True	1
12a_798	3	1	1	1	2	True	True	2
12a_8	4	1	1	1	1	True	True	3,4,5,6,7
12a_80	4	1	1	1	1	True	True	3,4,5,6,7
12a_800	3	1	1	1	2	True	True	2
12a_801	4	1	1	1	1	True	True	3,4,5,6,7
12a_802	2	1	1	2	2	True	True	1
12a_803	1	1	2	3	4	True	True	0
12a_804	4	1	1	1	1	True	True	3,4,5,6,7
12a_805	5	1	1	1	1	True	True	3,4,5,6,7
12a_806	4	1	1	1	1	True	True	3,4,5,6,7
12a_807	4	1	1	1	1	True	True	3,4,5,6,7
12a_808	3	1	1	1	2	True	True	2
12a_809	4	1	1	1	1	True	True	3,4,5,6,7
12a_81	3	1	1	1	2	True	True	2
12a_810	3	1	1	1	2	True	True	2
12a_811	4	1	1	1	1	True	True	3,4,5,6,7
12a_812	3	1	1	1	2	True	True	2
12a_813	4	1	1	1	1	True	True	3,4,5,6,7
12a_814	3	1	1	1	2	True	True	2
12a_815	5	1	1	1	1	True	True	3,4,5,6,7
12a_816	4	1	1	1	1	True	True	3,4,5,6,7
12a_817	4	1	1	1	1	True	True	3,4,5,6,7
12a_818	4	1	1	1	1	True	True	3,4,5,6,7
12a_819	5	1	1	1	1	True	True	3,4,5,6,7
12a_82	3	1	1	1	2	True	True	2
12a_820	4	1	1	1	1	True	True	3,4,5,6,7
12a_821	3	1	1	1	2	True	True	2
12a_822	4	1	1	1	1	True	True	3,4,5,6,7
12a_823	3	1	1	1	2	True	True	2
12a_824	5	1	1	1	1	True	True	3,4,5,6,7
12a_825	4	1	1	1	1	True	True	3,4,5,6,7
12a_826	4	1	1	1	1	True	True	3,4,5,6,7
12a_827	3	1	1	1	2	True	True	2
12a_828	3	1	1	1	2	True	True	2
12a_829	4	1	1	1	1	True	True	3,4,5,6,7
12a_83	3	1	1	1	2	True	True	2
12a_830	4	1	1	1	1	True	True	3,4,5,6,7
12a_831	4	1	1	1	1	True	True	3,4,5,6,7
12a_832	4	1	1	1	1	True	True	3,4,5,6,7
12a_833	4	1	1	1	1	True	True	3,4,5,6,7
12a_834	3	1	1	1	2	True	True	2
12a_835	5	1	1	1	1	True	True	3,4,5,6,7
12a_836	4	1	1	1	1	True	True	3,4,5,6,7
12a_837	4	1	1	1	1	True	True	3,4,5,6,7
12a_838	5	1	1	1	1	True	True	3,4,5,6,7
12a_839	4	1	1	1	1	True	True	3,4,5,6,7
12a_84	4	1	1	1	1	True	True	3,4,5,6,7
12a_840	4	1	1	1	1	True	True	3,4,5,6,7
12a_841	3	1	1	1	2	True	True	2
12a_842	3	1	1	1	2	True	True	2
12a_843	3	1	1	1	2	True	True	2
12a_844	4	1	1	1	1	True	True	3,4,5,6,7
12a_845	3	1	1	1	2	True	True	2
12a_846	4	1	1	1	1	True	True	3,4,5,6,7
12a_847	4	1	1	1	1	True	True	3,4,5,6,7
12a_848	4	1	1	1	1	True	True	3,4,5,6,7
12a_849	3	1	1	1	2	True	True	2
12a_85	4	1	1	1	1	True	True	3,4,5,6,7
12a_850	5	1	1	1	1	True	True	3,4,5,6,7
12a_851	4	1	1	1	1	True	True	3,4,5,6,7
12a_852	4	1	1	1	1	True	True	3,4,5,6,7
12a_853	3	1	1	1	2	True	True	2
12a_854	3	1	1	1	2	True	True	2
12a_855	4	1	1	1	1	True	True	3,4,5,6,7
12a_856	3	1	1	1	2	True	True	2
12a_857	4	1	1	1	1	True	True	3,4,5,6,7
12a_858	3	1	1	1	2	True	True	2
12a_859	5	1	1	1	1	True	True	3,4,5,6,7
12a_86	3	1	1	1	2	True	True	2
12a_860	4	1	1	1	1	True	True	3,4,5,6,7
12a_861	4	1	1	1	1	True	True	3,4,5,6,7
12a_862	3	1	1	1	2	True	True	2
12a_863	3	1	1	1	2	True	True	2
12a_864	5	1	1	1	1	True	True	3,4,5,6,7
12a_865	4	1	1	1	1	True	True	3,4,5,6,7
12a_866	4	1	1	1	1	True	True	3,4,5,6,7
12a_867	4	1	1	1	1	True	True	3,4,5,6,7
12a_868	4	1	1	1	1	True	True	3,4,5,6,7
12a_869	5	1	1	1	1	True	True	3,4,5,6,7
12a_87	4	1	1	1	1	True	True	3,4,5,6,7
12a_870	4	1	1	1	1	True	True	3,4,5,6,7
12a_871	4	1	1	1	1	True	True	3,4,5,6,7
12a_872	3	1	1	1	2	True	True	2
12a_873	3	1	1	1	2	True	True	2
12a_874	4	1	1	1	1	True	True	3,4,5,6,7
12a_875	3	1	1	1	2	True	True	2
12a_876	4	1	1	1	1	True	True	3,4,5,6,7
12a_877	3	1	1	1	2	True	True	2
12a_878	5	1	1	1	1	True	True	3,4,5,6,7
12a_879	4	1	1	1	1	True	True	3,4,5,6,7
12a_88	4	1	1	1	1	True	True	3,4,5,6,7
12a_880	2	1	1	2	2	True	True	1
12a_881	4	1	1	1	1	True	True	3,4,5,6,7
12a_882	3	1	1	1	2	True	True	2
12a_883	3	1	1	1	2	True	True	2
12a_884	4	1	1	1	1	True	True	3,4,5,6,7
12a_885	4	1	1	1	1	True	True	3,4,5,6,7
12a_886	4	1	1	1	1	True	True	3,4,5,6,7
12a_887	4	1	1	1	1	True	True	3,4,5,6,7
12a_888	4	1	1	1	1	True	True	3,4,5,6,7
12a_889	4	1	1	1	1	True	True	3,4,5,6,7
12a_89	3	1	1	1	2	True	True	2
12a_890	3	1	1	1	2	True	True	2
12a_891	4	1	1	1	1	True	True	3,4,5,6,7
12a_892	3	1	1	1	2	True	True	2
12a_893	4	1	1	1	1	True	True	3,4,5,6,7
12a_894	4	1	1	1	1	True	True	3,4,5,6,7
12a_895	4	1	1	1	1	True	True	3,4,5,6,7
12a_896	4	1	1	1	1	True	True	3,4,5,6,7
12a_897	3	1	1	1	2	True	True	2
12a_898	5	1	1	1	1	True	True	3,4,5,6,7
12a_899	4	1	1	1	1	True	True	3,4,5,6,7
12a_9	3	1	1	1	2	True	True	2
12a_90	4	1	1	1	1	True	True	3,4,5,6,7
12a_900	3	1	1	1	2	True	True	2
12a_901	4	1	1	1	1	True	True	3,4,5,6,7
12a_903	3	1	1	1	2	True	True	2
12a_904	4	1	1	1	1	True	True	3,4,5,6,7
12a_905	3	1	1	1	2	True	True	2
12a_906	4	1	1	1	1	True	True	3,4,5,6,7
12a_907	4	1	1	1	1	True	True	3,4,5,6,7
12a_908	3	1	1	1	2	True	True	2
12a_909	5	1	1	1	1	True	True	3,4,5,6,7
12a_91	4	1	1	1	1	True	True	3,4,5,6,7
12a_910	4	1	1	1	1	True	True	3,4,5,6,7
12a_911	4	1	1	1	1	True	True	3,4,5,6,7
12a_912	3	1	1	1	2	True	True	2
12a_913	4	1	1	1	1	True	True	3,4,5,6,7
12a_914	3	1	1	1	2	True	True	2
12a_916	5	1	1	1	1	True	True	3,4,5,6,7
12a_917	4	1	1	1	1	True	True	3,4,5,6,7
12a_918	4	1	1	1	1	True	True	3,4,5,6,7
12a_92	4	1	1	1	1	True	True	3,4,5,6,7
12a_920	5	1	1	1	1	True	True	3,4,5,6,7
12a_921	4	1	1	1	1	True	True	3,4,5,6,7
12a_922	4	1	1	1	1	True	True	3,4,5,6,7
12a_923	4	1	1	1	1	True	True	3,4,5,6,7
12a_924	3	1	1	1	2	True	True	2
12a_925	4	1	1	1	1	True	True	3,4,5,6,7
12a_926	4	1	1	1	1	True	True	3,4,5,6,7
12a_927	3	1	1	1	2	True	True	2
12a_928	4	1	1	1	1	True	True	3,4,5,6,7
12a_929	4	1	1	1	1	True	True	3,4,5,6,7
12a_93	4	1	1	1	1	True	True	3,4,5,6,7
12a_930	4	1	1	1	1	True	True	3,4,5,6,7
12a_931	3	1	1	1	2	True	True	2
12a_932	4	1	1	1	1	True	True	3,4,5,6,7
12a_933	4	1	1	1	1	True	True	3,4,5,6,7
12a_934	4	1	1	1	1	True	True	3,4,5,6,7
12a_935	4	1	1	1	1	True	True	3,4,5,6,7
12a_936	3	1	1	1	2	True	True	2
12a_937	4	1	1	1	1	True	True	3,4,5,6,7
12a_938	3	1	1	1	2	True	True	2
12a_94	3	1	1	1	2	True	True	2
12a_941	4	1	1	1	1	True	True	3,4,5,6,7
12a_942	3	1	1	1	2	True	True	2
12a_943	3	1	1	1	2	True	True	2
12a_944	4	1	1	1	1	True	True	3,4,5,6,7
12a_945	3	1	1	1	2	True	True	2
12a_946	4	1	1	1	1	True	True	3,4,5,6,7
12a_947	3	1	1	1	2	True	True	2
12a_948	4	1	1	1	1	True	True	3,4,5,6,7
12a_949	4	1	1	1	1	True	True	3,4,5,6,7
12a_95	3	1	1	1	2	True	True	2
12a_950	3	1	1	1	2	True	True	2
12a_951	4	1	1	1	1	True	True	3,4,5,6,7
12a_952	4	1	1	1	1	True	True	3,4,5,6,7
12a_953	3	1	1	1	2	True	True	2
12a_954	4	1	1	1	1	True	True	3,4,5,6,7
12a_955	3	1	1	1	2	True	True	2
12a_956	4	1	1	1	1	True	True	3,4,5,6,7
12a_957	3	1	1	1	2	True	True	2
12a_958	4	1	1	1	1	True	True	3,4,5,6,7
12a_959	3	1	1	1	2	True	True	2
12a_96	3	1	1	1	2	True	True	2
12a_960	3	1	1	1	2	True	True	2
12a_961	4	1	1	1	1	True	True	3,4,5,6,7
12a_962	4	1	1	1	1	True	True	3,4,5,6,7
12a_963	3	1	1	1	2	True	True	2
12a_964	4	1	1	1	1	True	True	3,4,5,6,7
12a_965	4	1	1	1	1	True	True	3,4,5,6,7
12a_966	4	1	1	1	1	True	True	3,4,5,6,7
12a_967	3	1	1	1	2	True	True	2
12a_968	4	1	1	1	1	True	True	3,4,5,6,7
12a_97	2	1	1	2	2	True	True	1
12a_970	4	1	1	1	1	True	True	3,4,5,6,7
12a_971	3	1	1	1	2	True	True	2
12a_972	4	1	1	1	1	True	True	3,4,5,6,7
12a_973	3	1	1	1	2	True	True	2
12a_977	4	1	1	1	1	True	True	3,4,5,6,7
12a_978	3	1	1	1	2	True	True	2
12a_979	4	1	1	1	1	True	True	3,4,5,6,7
12a_98	4	1	1	1	1	True	True	3,4,5,6,7
12a_980	4	1	1	1	1	True	True	3,4,5,6,7
12a_981	5	1	1	1	1	True	True	3,4,5,6,7
12a_982	4	1	1	1	1	True	True	3,4,5,6,7
12a_983	3	1	1	1	2	True	True	2
12a_984	5	1	1	1	1	True	True	3,4,5,6,7
12a_985	4	1	1	1	1	True	True	3,4,5,6,7
12a_986	4	1	1	1	1	True	True	3,4,5,6,7
12a_987	4	1	1	1	1	True	True	3,4,5,6,7
12a_988	4	1	1	1	1	True	True	3,4,5,6,7
12a_989	3	1	1	1	2	True	True	2
12a_99	4	1	1	1	1	True	True	3,4,5,6,7
12a_990	4	1	1	1	1	True	True	3,4,5,6,7
12a_991	4	1	1	1	1	True	True	3,4,5,6,7
12a_992	4	1	1	1	1	True	True	3,4,5,6,7
12a_993	4	1	1	1	1	True	True	3,4,5,6,7
12a_994	4	1	1	1	1	True	True	3,4,5,6,7
12a_995	3	1	1	1	2	True	True	2
12a_997	4	1	1	1	1	True	True	3,4,5,6,7
12a_998	4	1	1	1	1	True	True	3,4,5,6,7
12a_999	5	1	1	1	1	True	True	3,4,5,6,7
12n_1	3	1	1	1	2	True	True	2
12n_10	3	1	1	1	2	True	True	2
12n_100	3	1	1	1	2	True	True	2
12n_101	3	1	1	1	2	True	True	2
12n_102	3	1	1	1	2	True	True	2
12n_103	4	1	1	1	1	True	True	3,4,5,6,7
12n_104	4	1	1	1	1	True	True	3,4,5,6,7
12n_105	4	1	1	1	1	True	True	3,4,5,6,7
12n_106	4	1	1	1	1	True	True	3,4,5,6,7
12n_107	4	1	1	1	1	True	True	3,4,5,6,7
12n_108	3	1	1	1	2	True	True	2
12n_109	3	1	1	1	2	True	True	2
12n_11	2	1	1	2	2	True	True	1
12n_110	3	1	1	1	2	True	True	2
12n_111	3	1	1	1	2	True	True	2
12n_112	3	1	1	1	2	True	True	2
12n_113	4	1	1	1	1	True	True	3,4,5,6,7
12n_114	4	1	1	1	1	True	True	3,4,5,6,7
12n_115	4	1	1	1	1	True	True	3,4,5,6,7
12n_116	3	1	1	1	2	True	True	2
12n_117	3	1	1	1	2	True	True	2
12n_118	3	1	1	1	2	True	True	2
12n_119	3	1	1	1	2	True	True	2
12n_12	3	1	1	1	2	True	True	2
12n_120	3	1	1	1	2	True	True	2
12n_121	2	1	1	2	2	True	True	1
12n_122	4	1	1	1	1	True	True	3,4,5,6,7
12n_123	3	1	1	1	2	True	True	2
12n_124	1	1	2	2	2	True	False	none
12n_125	4	1	1	1	1	True	True	3,4,5,6,7
12n_126	3	1	1	1	2	True	True	2
12n_127	4	1	1	1	1	True	True	3,4,5,6,7
12n_128	3	1	1	1	2	True	True	2
12n_129	1	1	2	2	2	True	False	none
12n_13	2	1	1	2	2	True	True	1
12n_130	3	1	1	1	2	True	True	2
12n_131	3	1	1	1	2	True	True	2
12n_132	2	1	1	2	2	True	True	1
12n_133	3	1	1	1	2	True	True	2
12n_134	4	1	1	1	1	True	True	3,4,5,6,7
12n_135	4	1	1	1	1	True	True	3,4,5,6,7
12n_136	4	1	1	1	1	True	True	3,4,5,6,7
12n_137	4	1	1	1	1	True	True	3,4,5,6,7
12n_138	4	1	1	1	1	True	True	3,4,5,6,7
12n_139	4	1	1	1	1	True	True	3,4,5,6,7
12n_14	3	1	1	1	2	True	True	2
12n_140	3	1	1	1	2	True	True	2
12n_141	3	1	1	1	2	True	True	2
12n_142	3	1	1	1	2	True	True	2
12n_143	3	1	1	1	2	True	True	2
12n_144	3	1	1	1	2	True	True	2
12n_145	2	1	1	2	2	True	True	1
12n_146	2	1	1	2	2	True	True	1
12n_147	3	1	1	1	2	True	True	2
12n_148	3	1	1	1	2	True	True	2
12n_149	2	1	1	2	2	True	True	1
12n_15	3	1	1	1	2	True	True	2
12n_150	4	1	1	1	1	True	True	3,4,5,6,7
12n_151	3	1	1	1	2	True	True	2
12n_152	3	1	1	1	2	True	True	2
12n_153	4	1	1	1	1	True	True	3,4,5,6,7
12n_154	3	1	1	1	2	True	True	2
12n_155	3	1	1	1	2	True	True	2
12n_156	4	1	1	1	1	True	True	3,4,5,6,7
12n_157	3	1	1	1	2	True	True	2
12n_158	3	1	1	1	2	True	True	2
12n_159	3	1	1	1	2	True	True	2
12n_16	4	1	1	1	1	True	True	3,4,5,6,7
12n_160	3	1	1	1	2	True	True	2
12n_161	3	1	1	1	2	True	True	2
12n_162	3	1	1	1	2	True	True	2
12n_163	4	1	1	1	1	True	True	3,4,5,6,7
12n_164	3	1	1	1	2	True	True	2
12n_165	3	1	1	1	2	True	True	2
12n_166	4	1	1	1	1	True	True	3,4,5,6,7
12n_167	3	1	1	1	2	True	True	2
12n_168	3	1	1	1	2	True	True	2
12n_169	3	1	1	1	2	True	True	2
12n_17	3	1	1	1	2	True	True	2
12n_170	2	1	1	2	2	True	True	1
12n_171	2	1	1	2	2	True	True	1
12n_172	4	1	1	1	1	True	True	3,4,5,6,7
12n_173	4	1	1	1	1	True	True	3,4,5,6,7
12n_174	4	1	1	1	1	True	True	3,4,5,6,7
12n_175	4	1	1	1	1	True	True	3,4,5,6,7
12n_176	2	1	1	2	2	True	True	1
12n_177	3	1	1	1	2	True	True	2
12n_178	3	1	1	1	2	True	True	2
12n_179	3	1	1	1	2	True	True	2
12n_18	3	1	1	1	2	True	True	2
12n_180	3	1	1	1	2	True	True	2
12n_181	3	1	1	1	2	True	True	2
12n_182	4	1	1	1	1	True	True	3,4,5,6,7
12n_183	3	1	1	1	2	True	True	2
12n_184	3	1	1	1	2	True	True	2
12n_185	4	1	1	1	1	True	True	3,4,5,6,7
12n_186	4	1	1	1	1	True	True	3,4,5,6,7
12n_187	4	1	1	1	1	True	True	3,4,5,6,7
12n_188	4	1	1	1	1	True	True	3,4,5,6,7
12n_189	4	1	1	1	1	True	True	3,4,5,6,7
12n_19	3	1	1	1	2	True	True	2
12n_190	4	1	1	1	1	True	True	3,4,5,6,7
12n_191	4	1	1	1	1	True	True	3,4,5,6,7
12n_192	4	1	1	1	1	True	True	3,4,5,6,7
12n_193	3	1	1	1	2	True	True	2
12n_194	3	1	1	1	2	True	True	2
12n_195	3	1	1	1	2	True	True	2
12n_196	3	1	1	1	2	True	True	2
12n_197	3	1	1	1	2	True	True	2
12n_198	3	1	1	1	2	True	True	2
12n_199	3	1	1	1	2	True	True	2
12n_2	4	1	1	1	1	True	True	3,4,5,6,7
12n_20	3	1	1	1	2	True	True	2
12n_200	2	1	1	2	2	True	True	1
12n_201	3	1	1	1	2	True	True	2
12n_202	3	1	1	1	2	True	True	2
12n_203	3	1	1	1	2	True	True	2
12n_204	3	1	1	1	2	True	True	2
12n_205	4	1	1	1	1	True	True	3,4,5,6,7
12n_206	4	1	1	1	1	True	True	3,4,5,6,7
12n_207	4	1	1	1	1	True	True	3,4,5,6,7
12n_208	3	1	1	1	2	True	True	2
12n_209	3	1	1	1	2	True	True	2
12n_21	3	1	1	1	2	True	True	2
12n_210	3	1	1	1	2	True	True	2
12n_211	3	1	1	1	2	True	True	2
12n_212	3	1	1	1	2	True	True	2
12n_213	3	1	1	1	2	True	True	2
12n_214	3	1	1	1	2	True	True	2
12n_215	3	1	1	1	2	True	True	2
12n_216	3	1	1	1	2	True	True	2
12n_217	3	1	1	1	2	True	True	2
12n_218	3	1	1	1	2	True	True	2
12n_219	4	1	1	1	1	True	True	3,4,5,6,7
12n_22	4	1	1	1	1	True	True	3,4,5,6,7
12n_220	4	1	1	1	1	True	True	3,4,5,6,7
12n_221	2	1	1	2	2	True	True	1
12n_222	3	1	1	1	2	True	True	2
12n_223	3	1	1	1	2	True	True	2
12n_224	3	1	1	1	2	True	True	2
12n_225	2	1	1	2	2	True	True	1
12n_226	4	1	1	1	1	True	True	3,4,5,6,7
12n_227	4	1	1	1	1	True	True	3,4,5,6,7
12n_228	4	1	1	1	1	True	True	3,4,5,6,7
12n_229	4	1	1	1	1	True	True	3,4,5,6,7
12n_23	1	1	2	2	2	True	False	none
12n_230	3	1	1	1	2	True	True	2
12n_231	2	1	1	2	2	True	True	1
12n_232	2	1	1	2	2	True	True	1
12n_233	4	1	1	1	1	True	True	3,4,5,6,7
12n_234	4	1	1	1	1	True	True	3,4,5,6,7
12n_235	4	1	1	1	1	True	True	3,4,5,6,7
12n_236	3	1	1	1	2	True	True	2
12n_237	3	1	1	1	2	True	True	2
12n_238	3	1	1	1	2	True	True	2
12n_239	3	1	1	1	2	True	True	2
12n_24	3	1	1	1	2	True	True	2
12n_240	3	1	1	1	2	True	True	2
12n_241	3	1	1	1	2	True	True	2
12n_242	5	1	1	1	1	True	True	3,4,5,6,7
12n_243	4	1	1	1	1	True	True	3,4,5,6,7
12n_244	4	1	1	1	1	True	True	3,4,5,6,7
12n_245	3	1	1	1	2	True	True	2
12n_246	2	1	1	2	2	True	True	1
12n_247	2	1	1	2	2	True	True	1
12n_248	2	1	1	2	2	True	True	1
12n_249	2	1	1	2	2	True	True	1
12n_25	2	1	1	2	2	True	True	1
12n_250	2	1	1	2	2	True	True	1
12n_251	3	1	1	1	2	True	True	2
12n_252	3	1	1	1	2	True	True	2
12n_253	3	1	1	1	2	True	True	2
12n_254	3	1	1	1	2	True	True	2
12n_255	3	1	1	1	2	True	True	2
12n_256	2	1	1	2	2	True	True	1
12n_257	2	1	1	2	2	True	True	1
12n_258	2	1	1	2	2	True	True	1
12n_259	3	1	1	1	2	True	True	2
12n_26	3	1	1	1	2	True	True	2
12n_260	2	1	1	2	2	True	True	1
12n_261	4	1	1	1	1	True	True	3,4,5,6,7
12n_262	3	1	1	1	2	True	True	2
12n_263	3	1	1	1	2	True	True	2
12n_264	2	1	1	2	2	True	True	1
12n_265	3	1	1	1	2	True	True	2
12n_266	3	1	1	1	2	True	True	2
12n_267	2	1	1	2	2	True	True	1
12n_268	1	1	2	2	3	True	False	none
12n_269	3	1	1	1	2	True	True	2
12n_27	4	1	1	1	1	True	True	3,4,5,6,7
12n_270	2	1	1	2	2	True	True	1
12n_271	3	1	1	1	2	True	True	2
12n_272	3	1	1	1	2	True	True	2
12n_273	3	1	1	1	2	True	True	2
12n_274	2	1	1	2	2	True	True	1
12n_275	2	1	1	2	2	True	True	1
12n_276	3	1	1	1	2	True	True	2
12n_277	3	1	1	1	2	True	True	2
12n_278	2	1	1	2	2	True	True	1
12n_279	2	1	1	2	2	True	True	1
12n_28	2	1	1	2	2	True	True	1
12n_280	3	1	1	1	2	True	True	2
12n_281	3	1	1	1	2	True	True	2
12n_282	2	1	1	2	2	True	True	1
12n_283	4	1	1	1	1	True	True	3,4,5,6,7
12n_284	3	1	1	1	2	True	True	2
12n_285	3	1	1	1	2	True	True	2
12n_286	2	1	1	2	2	True	True	1
12n_287	4	1	1	1	1	True	True	3,4,5,6,7
12n_288	2	1	1	2	2	True	True	1
12n_289	3	1	1	1	2	True	True	2
12n_29	3	1	1	1	2	True	True	2
12n_290	3	1	1	1	2	True	True	2
12n_291	3	1	1	1	2	True	True	2
12n_292	4	1	1	1	1	True	True	3,4,5,6,7
12n_293	1	1	2	2	2	True	False	none
12n_294	4	1	1	1	1	True	True	3,4,5,6,7
12n_295	3	1	1	1	2	True	True	2
12n_296	4	1	1	1	1	True	True	3,4,5,6,7
12n_297	3	1	1	1	2	True	True	2
12n_298	3	1	1	1	2	True	True	2
12n_299	3	1	1	1	2	True	True	2
12n_3	3	1	1	1	2	True	True	2
12n_30	4	1	1	1	1	True	True	3,4,5,6,7
12n_300	3	1	1	1	2	True	True	2
12n_301	4	1	1	1	1	True	True	3,4,5,6,7
12n_302	3	1	1	1	2	True	True	2
12n_303	3	1	1	1	2	True	True	2
12n_304	3	1	1	1	2	True	True	2
12n_305	4	1	1	1	1	True	True	3,4,5,6,7
12n_306	2	1	1	2	2	True	True	1
12n_307	2	1	1	2	2	True	True	1
12n_308	3	1	1	1	2	True	True	2
12n_309	3	1	1	1	2	True	True	2
12n_31	1	1	2	2	2	True	False	none
12n_310	2	1	1	2	2	True	True	1
12n_311	2	1	1	2	2	True	True	1
12n_312	3	1	1	1	2	True	True	2
12n_313	0	2	2	2	3	True	False	none
12n_314	3	1	1	1	2	True	True	2
12n_315	3	1	1	1	2	True	True	2
12n_316	3	1	1	1	2	True	True	2
12n_317	3	1	1	1	2	True	True	2
12n_318	3	1	1	1	2	True	True	2
12n_319	3	1	1	1	2	True	True	2
12n_32	3	1	1	1	2	True	True	2
12n_320	3	1	1	1	2	True	True	2
12n_321	1	1	2	2	2	True	False	none
12n_322	2	1	1	2	2	True	True	1
12n_323	2	1	1	2	2	True	True	1
12n_324	2	1	1	2	2	True	True	1
12n_325	3	1	1	1	2	True	True	2
12n_326	4	1	1	1	1	True	True	3,4,5,6,7
12n_327	4	1	1	1	1	True	True	3,4,5,6,7
12n_328	4	1	1	1	1	True	True	3,4,5,6,7
12n_329	3	1	1	1	2	True	True	2
12n_33	4	1	1	1	1	True	True	3,4,5,6,7
12n_330	3	1	1	1	2	True	True	2
12n_331	3	1	1	1	2	True	True	2
12n_332	2	1	1	2	2	True	True	1
12n_333	2	1	1	2	2	True	True	1
12n_334	2	1	1	2	2	True	True	1
12n_335	3	1	1	1	2	True	True	2
12n_336	3	1	1	1	2	True	True	2
12n_337	3	1	1	1	2	True	True	2
12n_338	4	1	1	1	1	True	True	3,4,5,6,7
12n_339	3	1	1	1	2	True	True	2
12n_34	2	1	1	2	2	True	True	1
12n_340	3	1	1	1	2	True	True	2
12n_341	3	1	1	1	2	True	True	2
12n_342	2	1	1	2	2	True	True	1
12n_343	2	1	1	2	2	True	True	1
12n_344	4	1	1	1	1	True	True	3,4,5,6,7
12n_345	4	1	1	1	1	True	True	3,4,5,6,7
12n_346	4	1	1	1	1	True	True	3,4,5,6,7
12n_347	3	1	1	1	2	True	True	2
12n_348	3	1	1	1	2	True	True	2
12n_349	3	1	1	1	2	True	True	2
12n_35	3	1	1	1	2	True	True	2
12n_350	3	1	1	1	2	True	True	2
12n_351	3	1	1	1	2	True	True	2
12n_352	3	1	1	1	2	True	True	2
12n_353	3	1	1	1	2	True	True	2
12n_354	3	1	1	1	2	True	True	2
12n_355	3	1	1	1	2	True	True	2
12n_356	3	1	1	1	2	True	True	2
12n_357	3	1	1	1	2	True	True	2
12n_358	2	1	1	2	2	True	True	1
12n_36	3	1	1	1	2	True	True	2
12n_360	2	1	1	2	2	True	True	1
12n_361	3	1	1	1	2	True	True	2
12n_362	3	1	1	1	2	True	True	2
12n_363	3	1	1	1	2	True	True	2
12n_364	3	1	1	1	2	True	True	2
12n_365	3	1	1	1	2	True	True	2
12n_366	3	1	1	1	2	True	True	2
12n_367	3	1	1	1	2	True	True	2
12n_368	4	1	1	1	1	True	True	3,4,5,6,7
12n_369	4	1	1	1	1	True	True	3,4,5,6,7
12n_37	4	1	1	1	1	True	True	3,4,5,6,7
12n_370	3	1	1	1	2	True	True	2
12n_371	3	1	1	1	2	True	True	2
12n_372	3	1	1	1	2	True	True	2
12n_373	3	1	1	1	2	True	True	2
12n_374	4	1	1	1	1	True	True	3,4,5,6,7
12n_375	3	1	1	1	2	True	True	2
12n_376	4	1	1	1	1	True	True	3,4,5,6,7
12n_377	3	1	1	1	2	True	True	2
12n_378	3	1	1	1	2	True	True	2
12n_379	3	1	1	1	2	True	True	2
12n_38	3	1	1	1	2	True	True	2
12n_380	3	1	1	1	2	True	True	2
12n_381	2	1	1	2	2	True	True	1
12n_382	2	1	1	2	2	True	True	1
12n_383	2	1	1	2	2	True	True	1
12n_384	3	1	1	1	2	True	True	2
12n_385	3	1	1	1	2	True	True	2
12n_386	4	1	1	1	1	True	True	3,4,5,6,7
12n_387	4	1	1	1	1	True	True	3,4,5,6,7
12n_388	3	1	1	1	2	True	True	2
12n_389	3	1	1	1	2	True	True	2
12n_39	3	1	1	1	2	True	True	2
12n_390	3	1	1	1	2	True	True	2
12n_391	3	1	1	1	2	True	True	2
12n_392	3	1	1	1	2	True	True	2
12n_393	2	1	1	2	2	True	True	1
12n_394	2	1	1	2	2	True	True	1
12n_395	3	1	1	1	2	True	True	2
12n_396	3	1	1	1	2	True	True	2
12n_397	3	1	1	1	2	True	True	2
12n_398	3	1	1	1	2	True	True	2
12n_399	3	1	1	1	2	True	True	2
12n_4	3	1	1	1	2	True	True	2
12n_40	4	1	1	1	1	True	True	3,4,5,6,7
12n_400	3	1	1	1	2	True	True	2
12n_401	3	1	1	1	2	True	True	2
12n_402	3	1	1	1	2	True	True	2
12n_403	3	1	1	1	2	True	True	2
12n_404	2	1	1	2	2	True	True	1
12n_405	4	1	1	1	1	True	True	3,4,5,6,7
12n_406	3	1	1	1	2	True	True	2
12n_407	3	1	1	1	2	True	True	2
12n_408	3	1	1	1	2	True	True	2
12n_409	3	1	1	1	2	True	True	2
12n_41	3	1	1	1	2	True	True	2
12n_410	3	1	1	1	2	True	True	2
12n_411	1	1	2	2	2	True	False	none
12n_412	3	1	1	1	2	True	True	2
12n_413	3	1	1	1	2	True	True	2
12n_414	2	1	1	2	2	True	True	1
12n_415	3	1	1	1	2	True	True	2
12n_416	4	1	1	1	1	True	True	3,4,5,6,7
12n_417	4	1	1	1	1	True	True	3,4,5,6,7
12n_418	4	1	1	1	1	True	True	3,4,5,6,7
12n_419	4	1	1	1	1	True	True	3,4,5,6,7
12n_42	3	1	1	1	2	True	True	2
12n_420	3	1	1	1	2	True	True	2
12n_421	3	1	1	1	2	True	True	2
12n_422	3	1	1	1	2	True	True	2
12n_423	3	1	1	1	2	True	True	2
12n_424	4	1	1	1	1	True	True	3,4,5,6,7
12n_425	4	1	1	1	1	True	True	3,4,5,6,7
12n_426	4	1	1	1	1	True	True	3,4,5,6,7
12n_427	4	1	1	1	1	True	True	3,4,5,6,7
12n_428	4	1	1	1	1	True	True	3,4,5,6,7
12n_429	2	1	1	2	2	True	True	1
12n_43	4	1	1	1	1	True	True	3,4,5,6,7
12n_430	0	2	2	2	3	True	False	none
12n_431	3	1	1	1	2	True	True	2
12n_432	2	1	1	2	2	True	True	1
12n_433	3	1	1	1	2	True	True	2
12n_434	3	1	1	1	2	True	True	2
12n_435	3	1	1	1	2	True	True	2
12n_436	3	1	1	1	2	True	True	2
12n_437	3	1	1	1	2	True	True	2
12n_438	3	1	1	1	2	True	True	2
12n_439	3	1	1	1	2	True	True	2
12n_44	3	1	1	1	2	True	True	2
12n_440	3	1	1	1	2	True	True	2
12n_441	3	1	1	1	2	True	True	2
12n_442	2	1	1	2	2	True	True	1
12n_443	2	1	1	2	2	True	True	1
12n_444	2	1	1	2	2	True	True	1
12n_445	3	1	1	1	2	True	True	2
12n_446	3	1	1	1	2	True	True	2
12n_447	3	1	1	1	2	True	True	2
12n_448	4	1	1	1	1	True	True	3,4,5,6,7
12n_449	3	1	1	1	2	True	True	2
12n_45	3	1	1	1	2	True	True	2
12n_450	3	1	1	1	2	True	True	2
12n_451	3	1	1	1	2	True	True	2
12n_452	2	1	1	2	2	True	True	1
12n_453	3	1	1	1	2	True	True	2
12n_454	3	1	1	1	2	True	True	2
12n_455	3	1	1	1	2	True	True	2
12n_456	3	1	1	1	2	True	True	2
12n_457	1	1	2	2	2	True	False	none
12n_458	4	1	1	1	1	True	True	3,4,5,6,7
12n_459	4	1	1	1	1	True	True	3,4,5,6,7
12n_46	2	1	1	2	2	True	True	1
12n_460	3	1	1	1	2	True	True	2
12n_461	3	1	1	1	2	True	True	2
12n_462	2	1	1	2	2	True	True	1
12n_463	3	1	1	1	2	True	True	2
12n_464	2	1	1	2	2	True	True	1
12n_465	4	1	1	1	1	True	True	3,4,5,6,7
12n_466	4	1	1	1	1	True	True	3,4,5,6,7
12n_467	4	1	1	1	1	True	True	3,4,5,6,7
12n_468	4	1	1	1	1	True	True	3,4,5,6,7
12n_469	3	1	1	1	2	True	True	2
12n_47	3	1	1	1	2	True	True	2
12n_470	3	1	1	1	2	True	True	2
12n_471	3	1	1	1	2	True	True	2
12n_472	5	1	1	1	1	True	True	3,4,5,6,7
12n_473	4	1	1	1	1	True	True	3,4,5,6,7
12n_474	4	1	1	1	1	True	True	3,4,5,6,7
12n_475	3	1	1	1	2	True	True	2
12n_476	3	1	1	1	2	True	True	2
12n_477	3	1	1	1	2	True	True	2
12n_478	2	1	1	2	2	True	True	1
12n_479	2	1	1	2	2	True	True	1
12n_48	2	1	1	2	2	True	True	1
12n_480	3	1	1	1	2	True	True	2
12n_481	3	1	1	1	2	True	True	2
12n_482	3	1	1	1	2	True	True	2
12n_483	2	1	1	2	2	True	True	1
12n_484	3	1	1	1	2	True	True	2
12n_485	3	1	1	1	2	True	True	2
12n_486	3	1	1	1	2	True	True	2
12n_487	3	1	1	1	2	True	True	2
12n_488	3	1	1	1	2	True	True	2
12n_489	3	1	1	1	2	True	True	2
12n_49	2	1	1	2	2	True	True	1
12n_490	2	1	1	2	2	True	True	1
12n_491	3	1	1	1	2	True	True	2
12n_492	3	1	1	1	2	True	True	2
12n_493	3	1	1	1	2	True	True	2
12n_494	4	1	1	1	1	True	True	3,4,5,6,7
12n_495	3	1	1	1	2	True	True	2
12n_496	3	1	1	1	2	True	True	2
12n_497	3	1	1	1	2	True	True	2
12n_498	2	1	1	2	2	True	True	1
12n_499	3	1	1	1	2	True	True	2
12n_5	3	1	1	1	2	True	True	2
12n_50	3	1	1	1	2	True	True	2
12n_500	3	1	1	1	2	True	True	2
12n_501	2	1	1	2	2	True	True	1
12n_502	4	1	1	1	1	True	True	3,4,5,6,7
12n_503	3	1	1	1	2	True	True	2
12n_504	4	1	1	1	1	True	True	3,4,5,6,7
12n_505	3	1	1	1	2	True	True	2
12n_506	3	1	1	1	2	True	True	2
12n_507	3	1	1	1	2	True	True	2
12n_508	4	1	1	1	1	True	True	3,4,5,6,7
12n_509	4	1	1	1	1	True	True	3,4,5,6,7
12n_51	1	1	2	2	3	True	False	none
12n_510	3	1	1	1	2	True	True	2
12n_511	3	1	1	1	2	True	True	2
12n_512	3	1	1	1	2	True	True	2
12n_513	3	1	1	1	2	True	True	2
12n_514	3	1	1	1	2	True	True	2
12n_515	3	1	1	1	2	True	True	2
12n_516	3	1	1	1	2	True	True	2
12n_517	4	1	1	1	1	True	True	3,4,5,6,7
12n_518	4	1	1	1	1	True	True	3,4,5,6,7
12n_519	1	1	2	2	2	True	False	none
12n_52	3	1	1	1	2	True	True	2
12n_520	2	1	1	2	2	True	True	1
12n_521	4	1	1	1	1	True	True	3,4,5,6,7
12n_522	3	1	1	1	2	True	True	2
12n_523	2	1	1	2	2	True	True	1
12n_526	4	1	1	1	1	True	True	3,4,5,6,7
12n_527	3	1	1	1	2	True	True	2
12n_528	3	1	1	1	2	True	True	2
12n_529	3	1	1	1	2	True	True	2
12n_53	2	1	1	2	2	True	True	1
12n_530	3	1	1	1	2	True	True	2
12n_531	4	1	1	1	1	True	True	3,4,5,6,7
12n_532	3	1	1	1	2	True	True	2
12n_533	4	1	1	1	1	True	True	3,4,5,6,7
12n_534	3	1	1	1	2	True	True	2
12n_535	2	1	1	2	2	True	True	1
12n_536	3	1	1	1	2	True	True	2
12n_537	3	1	1	1	2	True	True	2
12n_538	4	1	1	1	1	True	True	3,4,5,6,7
12n_539	4	1	1	1	1	True	True	3,4,5,6,7
12n_54	3	1	1	1	2	True	True	2
12n_540	3	1	1	1	2	True	True	2
12n_541	3	1	1	1	2	True	True	2
12n_542	3	1	1	1	2	True	True	2
12n_543	3	1	1	1	2	True	True	2
12n_544	3	1	1	1	2	True	True	2
12n_545	3	1	1	1	2	True	True	2
12n_546	3	1	1	1	2	True	True	2
12n_547	2	1	1	2	2	True	True	1
12n_548	3	1	1	1	2	True	True	2
12n_549	3	1	1	1	2	True	True	2
12n_55	3	1	1	1	2	True	True	2
12n_550	2	1	1	2	2	True	True	1
12n_551	3	1	1	1	2	True	True	2
12n_552	3	1	1	1	2	True	True	2
12n_553	2	1	1	2	2	True	True	1
12n_554	2	1	1	2	2	True	True	1
12n_555	3	1	1	1	2	True	True	2
12n_556	2	1	1	2	2	True	True	1
12n_557	3	1	1	1	2	True	True	2
12n_558	3	1	1	1	2	True	True	2
12n_559	3	1	1	1	2	True	True	2
12n_56	2	1	1	2	2	True	True	1
12n_560	3	1	1	1	2	True	True	2
12n_561	2	1	1	2	2	True	True	1
12n_562	2	1	1	2	2	True	True	1
12n_563	2	1	1	2	2	True	True	1
12n_564	2	1	1	2	2	True	True	1
12n_565	3	1	1	1	2	True	True	2
12n_566	2	1	1	2	2	True	True	1
12n_567	3	1	1	1	2	True	True	2
12n_568	3	1	1	1	2	True	True	2
12n_569	3	1	1	1	2	True	True	2
12n_57	2	1	1	2	2	True	True	1
12n_570	4	1	1	1	1	True	True	3,4,5,6,7
12n_571	4	1	1	1	1	True	True	3,4,5,6,7
12n_572	3	1	1	1	2	True	True	2
12n_573	3	1	1	1	2	True	True	2
12n_574	5	1	1	1	1	True	True	3,4,5,6,7
12n_575	4	1	1	1	1	True	True	3,4,5,6,7
12n_576	4	1	1	1	1	True	True	3,4,5,6,7
12n_577	3	1	1	1	2	True	True	2
12n_578	3	1	1	1	2	True	True	2
12n_579	3	1	1	1	2	True	True	2
12n_58	3	1	1	1	2	True	True	2
12n_580	2	1	1	2	2	True	True	1
12n_581	3	1	1	1	2	True	True	2
12n_582	2	1	1	2	2	True	True	1
12n_583	2	1	1	2	2	True	True	1
12n_584	3	1	1	1	2	True	True	2
12n_585	3	1	1	1	2	True	True	2
12n_586	3	1	1	1	2	True	True	2
12n_587	3	1	1	1	2	True	True	2
12n_588	3	1	1	1	2	True	True	2
12n_589	3	1	1	1	2	True	True	2
12n_59	4	1	1	1	1	True	True	3,4,5,6,7
12n_590	4	1	1	1	1	True	True	3,4,5,6,7
12n_591	4	1	1	1	1	True	True	3,4,5,6,7
12n_592	4	1	1	1	1	True	True	3,4,5,6,7
12n_593	3	1	1	1	2	True	True	2
12n_594	3	1	1	1	2	True	True	2
12n_595	3	1	1	1	2	True	True	2
12n_596	3	1	1	1	2	True	True	2
12n_597	3	1	1	1	2	True	True	2
12n_598	3	1	1	1	2	True	True	2
12n_599	4	1	1	1	1	True	True	3,4,5,6,7
12n_6	4	1	1	1	1	True	True	3,4,5,6,7
12n_60	4	1	1	1	1	True	True	3,4,5,6,7
12n_600	3	1	1	1	2	True	True	2
12n_601	3	1	1	1	2	True	True	2
12n_602	3	1	1	1	2	True	True	2
12n_603	4	1	1	1	1	True	True	3,4,5,6,7
12n_604	4	1	1	1	1	True	True	3,4,5,6,7
12n_605	4	1	1	1	1	True	True	3,4,5,6,7
12n_606	3	1	1	1	2	True	True	2
12n_607	3	1	1	1	2	True	True	2
12n_608	2	1	1	2	2	True	True	1
12n_609	4	1	1	1	1	True	True	3,4,5,6,7
12n_61	4	1	1	1	1	True	True	3,4,5,6,7
12n_610	4	1	1	1	1	True	True	3,4,5,6,7
12n_611	3	1	1	1	2	True	True	2
12n_612	3	1	1	1	2	True	True	2
12n_613	4	1	1	1	1	True	True	3,4,5,6,7
12n_614	3	1	1	1	2	True	True	2
12n_615	4	1	1	1	1	True	True	3,4,5,6,7
12n_616	3	1	1	1	2	True	True	2
12n_617	3	1	1	1	2	True	True	2
12n_618	4	1	1	1	1	True	True	3,4,5,6,7
12n_619	4	1	1	1	1	True	True	3,4,5,6,7
12n_62	3	1	1	1	2	True	True	2
12n_620	3	1	1	1	2	True	True	2
12n_621	3	1	1	1	2	True	True	2
12n_622	4	1	1	1	1	True	True	3,4,5,6,7
12n_623	4	1	1	1	1	True	True	3,4,5,6,7
12n_624	4	1	1	1	1	True	True	3,4,5,6,7
12n_625	4	1	1	1	1	True	True	3,4,5,6,7
12n_626	3	1	1	1	2	True	True	2
12n_627	4	1	1	1	1	True	True	3,4,5,6,7
12n_628	3	1	1	1	2	True	True	2
12n_629	3	1	1	1	2	True	True	2
12n_63	2	1	1	2	2	True	True	1
12n_630	3	1	1	1	2	True	True	2
12n_631	3	1	1	1	2	True	True	2
12n_632	4	1	1	1	1	True	True	3,4,5,6,7
12n_633	3	1	1	1	2	True	True	2
12n_634	3	1	1	1	2	True	True	2
12n_635	4	1	1	1	1	True	True	3,4,5,6,7
12n_636	3	1	1	1	2	True	True	2
12n_637	3	1	1	1	2	True	True	2
12n_638	3	1	1	1	2	True	True	2
12n_639	4	1	1	1	1	True	True	3,4,5,6,7
12n_64	4	1	1	1	1	True	True	3,4,5,6,7
12n_640	4	1	1	1	1	True	True	3,4,5,6,7
12n_641	4	1	1	1	1	True	True	3,4,5,6,7
12n_642	2	1	1	2	2	True	True	1
12n_643	3	1	1	1	2	True	True	2
12n_644	3	1	1	1	2	True	True	2
12n_645	3	1	1	1	2	True	True	2
12n_646	4	1	1	1	1	True	True	3,4,5,6,7
12n_647	4	1	1	1	1	True	True	3,4,5,6,7
12n_648	4	1	1	1	1	True	True	3,4,5,6,7
12n_649	4	1	1	1	1	True	True	3,4,5,6,7
12n_65	2	1	1	2	2	True	True	1
12n_650	2	1	1	2	2	True	True	1
12n_651	3	1	1	1	2	True	True	2
12n_652	4	1	1	1	1	True	True	3,4,5,6,7
12n_653	4	1	1	1	1	True	True	3,4,5,6,7
12n_654	3	1	1	1	2	True	True	2
12n_655	3	1	1	1	2	True	True	2
12n_656	3	1	1	1	2	True	True	2
12n_657	4	1	1	1	1	True	True	3,4,5,6,7
12n_658	4	1	1	1	1	True	True	3,4,5,6,7
12n_659	3	1	1	1	2	True	True	2
12n_66	3	1	1	1	2	True	True	2
12n_660	3	1	1	1	2	True	True	2
12n_661	3	1	1	1	2	True	True	2
12n_662	3	1	1	1	2	True	True	2
12n_663	4	1	1	1	1	True	True	3,4,5,6,7
12n_664	4	1	1	1	1	True	True	3,4,5,6,7
12n_665	2	1	1	2	2	True	True	1
12n_666	4	1	1	1	1	True	True	3,4,5,6,7
12n_667	3	1	1	1	2	True	True	2
12n_668	4	1	1	1	1	True	True	3,4,5,6,7
12n_669	3	1	1	1	2	True	True	2
12n_67	4	1	1	1	1	True	True	3,4,5,6,7
12n_670	4	1	1	1	1	True	True	3,4,5,6,7
12n_671	4	1	1	1	1	True	True	3,4,5,6,7
12n_672	3	1	1	1	2	True	True	2
12n_673	4	1	1	1	1	True	True	3,4,5,6,7
12n_674	4	1	1	1	1	True	True	3,4,5,6,7
12n_675	4	1	1	1	1	True	True	3,4,5,6,7
12n_676	3	1	1	1	2	True	True	2
12n_677	3	1	1	1	2	True	True	2
12n_678	3	1	1	1	2	True	True	2
12n_679	5	1	1	1	1	True	True	3,4,5,6,7
12n_68	4	1	1	1	1	True	True	3,4,5,6,7
12n_680	4	1	1	1	1	True	True	3,4,5,6,7
12n_681	4	1	1	1	1	True	True	3,4,5,6,7
12n_682	4	1	1	1	1	True	True	3,4,5,6,7
12n_683	4	1	1	1	1	True	True	3,4,5,6,7
12n_684	4	1	1	1	1	True	True	3,4,5,6,7
12n_685	3	1	1	1	2	True	True	2
12n_686	4	1	1	1	1	True	True	3,4,5,6,7
12n_687	3	1	1	1	2	True	True	2
12n_688	5	1	1	1	1	True	True	3,4,5,6,7
12n_689	4	1	1	1	1	True	True	3,4,5,6,7
12n_69	3	1	1	1	2	True	True	2
12n_690	3	1	1	1	2	True	True	2
12n_691	4	1	1	1	1	True	True	3,4,5,6,7
12n_692	4	1	1	1	1	True	True	3,4,5,6,7
12n_693	4	1	1	1	1	True	True	3,4,5,6,7
12n_694	4	1	1	1	1	True	True	3,4,5,6,7
12n_695	4	1	1	1	1	True	True	3,4,5,6,7
12n_696	4	1	1	1	1	True	True	3,4,5,6,7
12n_697	4	1	1	1	1	True	True	3,4,5,6,7
12n_698	3	1	1	1	2	True	True	2
12n_699	2	1	1	2	2	True	True	1
12n_7	3	1	1	1	2	True	True	2
12n_70	3	1	1	1	2	True	True	2
12n_700	3	1	1	1	2	True	True	2
12n_701	2	1	1	2	2	True	True	1
12n_702	3	1	1	1	2	True	True	2
12n_703	4	1	1	1	1	True	True	3,4,5,6,7
12n_704	2	1	1	2	2	True	True	1
12n_705	3	1	1	1	2	True	True	2
12n_706	4	1	1	1	1	True	True	3,4,5,6,7
12n_707	4	1	1	1	1	True	True	3,4,5,6,7
12n_708	4	1	1	1	1	True	True	3,4,5,6,7
12n_709	4	1	1	1	1	True	True	3,4,5,6,7
12n_71	4	1	1	1	1	True	True	3,4,5,6,7
12n_710	3	1	1	1	2	True	True	2
12n_711	4	1	1	1	1	True	True	3,4,5,6,7
12n_712	3	1	1	1	2	True	True	2
12n_713	3	1	1	1	2	True	True	2
12n_714	3	1	1	1	2	True	True	2
12n_715	2	1	1	2	2	True	True	1
12n_716	3	1	1	1	2	True	True	2
12n_717	3	1	1	1	2	True	True	2
12n_718	3	1	1	1	2	True	True	2
12n_719	3	1	1	1	2	True	True	2
12n_72	3	1	1	1	2	True	True	2
12n_720	3	1	1	1	2	True	True	2
12n_721	4	1	1	1	1	True	True	3,4,5,6,7
12n_722	4	1	1	1	1	True	True	3,4,5,6,7
12n_723	3	1	1	1	2	True	True	2
12n_724	3	1	1	1	2	True	True	2
12n_725	5	1	1	1	1	True	True	3,4,5,6,7
12n_726	2	1	1	2	2	True	True	1
12n_727	3	1	1	1	2	True	True	2
12n_728	4	1	1	1	1	True	True	3,4,5,6,7
12n_729	3	1	1	1	2	True	True	2
12n_73	3	1	1	1	2	True	True	2
12n_730	3	1	1	1	2	True	True	2
12n_731	3	1	1	1	2	True	True	2
12n_732	3	1	1	1	2	True	True	2
12n_733	3	1	1	1	2	True	True	2
12n_734	3	1	1	1	2	True	True	2
12n_735	2	1	1	2	2	True	True	1
12n_736	3	1	1	1	2	True	True	2
12n_737	3	1	1	1	2	True	True	2
12n_738	3	1	1	1	2	True	True	2
12n_739	4	1	1	1	1	True	True	3,4,5,6,7
12n_74	4	1	1	1	1	True	True	3,4,5,6,7
12n_740	3	1	1	1	2	True	True	2
12n_741	3	1	1	1	2	True	True	2
12n_742	3	1	1	1	2	True	True	2
12n_743	2	1	1	2	2	True	True	1
12n_744	3	1	1	1	2	True	True	2
12n_745	3	1	1	1	2	True	True	2
12n_746	3	1	1	1	2	True	True	2
12n_747	4	1	1	1	1	True	True	3,4,5,6,7
12n_748	4	1	1	1	1	True	True	3,4,5,6,7
12n_749	3	1	1	1	2	True	True	2
12n_75	3	1	1	1	2	True	True	2
12n_750	2	1	1	2	2	True	True	1
12n_751	4	1	1	1	1	True	True	3,4,5,6,7
12n_752	3	1	1	1	2	True	True	2
12n_753	3	1	1	1	2	True	True	2
12n_754	4	1	1	1	1	True	True	3,4,5,6,7
12n_755	3	1	1	1	2	True	True	2
12n_756	3	1	1	1	2	True	True	2
12n_757	3	1	1	1	2	True	True	2
12n_758	3	1	1	1	2	True	True	2
12n_759	2	1	1	2	2	True	True	1
12n_76	3	1	1	1	2	True	True	2
12n_760	3	1	1	1	2	True	True	2
12n_761	4	1	1	1	1	True	True	3,4,5,6,7
12n_762	4	1	1	1	1	True	True	3,4,5,6,7
12n_763	3	1	1	1	2	True	True	2
12n_764	3	1	1	1	2	True	True	2
12n_765	3	1	1	1	2	True	True	2
12n_766	3	1	1	1	2	True	True	2
12n_767	4	1	1	1	1	True	True	3,4,5,6,7
12n_768	3	1	1	1	2	True	True	2
12n_769	3	1	1	1	2	True	True	2
12n_77	3	1	1	1	2	True	True	2
12n_770	3	1	1	1	2	True	True	2
12n_771	3	1	1	1	2	True	True	2
12n_772	3	1	1	1	2	True	True	2
12n_773	3	1	1	1	2	True	True	2
12n_774	2	1	1	2	2	True	True	1
12n_775	4	1	1	1	1	True	True	3,4,5,6,7
12n_776	4	1	1	1	1	True	True	3,4,5,6,7
12n_777	3	1	1	1	2	True	True	2
12n_778	3	1	1	1	2	True	True	2
12n_779	3	1	1	1	2	True	True	2
12n_78	2	1	1	2	2	True	True	1
12n_780	3	1	1	1	2	True	True	2
12n_781	4	1	1	1	1	True	True	3,4,5,6,7
12n_782	3	1	1	1	2	True	True	2
12n_783	3	1	1	1	2	True	True	2
12n_784	4	1	1	1	1	True	True	3,4,5,6,7
12n_785	2	1	1	2	2	True	True	1
12n_786	3	1	1	1	2	True	True	2
12n_787	4	1	1	1	1	True	True	3,4,5,6,7
12n_788	3	1	1	1	2	True	True	2
12n_789	3	1	1	1	2	True	True	2
12n_79	2	1	1	2	2	True	True	1
12n_790	4	1	1	1	1	True	True	3,4,5,6,7
12n_791	4	1	1	1	1	True	True	3,4,5,6,7
12n_792	4	1	1	1	1	True	True	3,4,5,6,7
12n_793	3	1	1	1	2	True	True	2
12n_794	3	1	1	1	2	True	True	2
12n_795	2	1	1	2	2	True	True	1
12n_796	3	1	1	1	2	True	True	2
12n_797	2	1	1	2	2	True	True	1
12n_798	3	1	1	1	2	True	True	2
12n_799	3	1	1	1	2	True	True	2
12n_8	4	1	1	1	1	True	True	3,4,5,6,7
12n_80	3	1	1	1	2	True	True	2
12n_800	4	1	1	1	1	True	True	3,4,5,6,7
12n_801	2	1	1	2	2	True	True	1
12n_802	4	1	1	1	1	True	True	3,4,5,6,7
12n_803	4	1	1	1	1	True	True	3,4,5,6,7
12n_804	4	1	1	1	1	True	True	3,4,5,6,7
12n_805	3	1	1	1	2	True	True	2
12n_806	3	1	1	1	2	True	True	2
12n_807	3	1	1	1	2	True	True	2
12n_808	2	1	1	2	2	True	True	1
12n_809	2	1	1	2	2	True	True	1
12n_81	3	1	1	1	2	True	True	2
12n_810	3	1	1	1	2	True	True	2
12n_811	3	1	1	1	2	True	True	2
12n_812	2	1	1	2	2	True	True	1
12n_813	3	1	1	1	2	True	True	2
12n_814	2	1	1	2	2	True	True	1
12n_815	2	1	1	2	2	True	True	1
12n_816	3	1	1	1	2	True	True	2
12n_817	3	1	1	1	2	True	True	2
12n_818	3	1	1	1	2	True	True	2
12n_819	3	1	1	1	2	True	True	2
12n_82	3	1	1	1	2	True	True	2
12n_820	4	1	1	1	1	True	True	3,4,5,6,7
12n_821	4	1	1	1	1	True	True	3,4,5,6,7
12n_822	4	1	1	1	1	True	True	3,4,5,6,7
12n_823	3	1	1	1	2	True	True	2
12n_824	3	1	1	1	2	True	True	2
12n_825	3	1	1	1	2	True	True	2
12n_826	3	1	1	1	2	True	True	2
12n_827	4	1	1	1	1	True	True	3,4,5,6,7
12n_828	3	1	1	1	2	True	True	2
12n_829	4	1	1	1	1	True	True	3,4,5,6,7
12n_83	3	1	1	1	2	True	True	2
12n_830	2	1	1	2	2	True	True	1
12n_831	4	1	1	1	1	True	True	3,4,5,6,7
12n_832	3	1	1	1	2	True	True	2
12n_833	3	1	1	1	2	True	True	2
12n_834	3	1	1	1	2	True	True	2
12n_835	3	1	1	1	2	True	True	2
12n_836	3	1	1	1	2	True	True	2
12n_837	4	1	1	1	1	True	True	3,4,5,6,7
12n_838	2	1	1	2	2	True	True	1
12n_839	4	1	1	1	1	True	True	3,4,5,6,7
12n_84	3	1	1	1	2	True	True	2
12n_840	4	1	1	1	1	True	True	3,4,5,6,7
12n_841	3	1	1	1	2	True	True	2
12n_842	4	1	1	1	1	True	True	3,4,5,6,7
12n_843	3	1	1	1	2	True	True	2
12n_845	3	1	1	1	2	True	True	2
12n_846	2	1	1	2	2	True	True	1
12n_847	3	1	1	1	2	True	True	2
12n_848	4	1	1	1	1	True	True	3,4,5,6,7
12n_849	3	1	1	1	2	True	True	2
12n_85	3	1	1	1	2	True	True	2
12n_850	4	1	1	1	1	True	True	3,4,5,6,7
12n_851	3	1	1	1	2	True	True	2
12n_852	4	1	1	1	1	True	True	3,4,5,6,7
12n_853	3	1	1	1	2	True	True	2
12n_854	3	1	1	1	2	True	True	2
12n_855	3	1	1	1	2	True	True	2
12n_856	2	1	1	2	2	True	True	1
12n_857	4	1	1	1	1	True	True	3,4,5,6,7
12n_858	3	1	1	1	2	True	True	2
12n_859	4	1	1	1	1	True	True	3,4,5,6,7
12n_86	3	1	1	1	2	True	True	2
12n_860	3	1	1	1	2	True	True	2
12n_861	3	1	1	1	2	True	True	2
12n_862	3	1	1	1	2	True	True	2
12n_863	3	1	1	1	2	True	True	2
12n_864	4	1	1	1	1	True	True	3,4,5,6,7
12n_865	4	1	1	1	1	True	True	3,4,5,6,7
12n_866	4	1	1	1	1	True	True	3,4,5,6,7
12n_867	3	1	1	1	2	True	True	2
12n_868	2	1	1	2	2	True	True	1
12n_869	3	1	1	1	2	True	True	2
12n_87	2	1	1	2	2	True	True	1
12n_870	3	1	1	1	2	True	True	2
12n_871	3	1	1	1	2	True	True	2
12n_872	4	1	1	1	1	True	True	3,4,5,6,7
12n_873	4	1	1	1	1	True	True	3,4,5,6,7
12n_874	4	1	1	1	1	True	True	3,4,5,6,7
12n_875	4	1	1	1	1	True	True	3,4,5,6,7
12n_876	3	1	1	1	2	True	True	2
12n_877	4	1	1	1	1	True	True	3,4,5,6,7
12n_878	3	1	1	1	2	True	True	2
12n_879	4	1	1	1	1	True	True	3,4,5,6,7
12n_88	3	1	1	1	2	True	True	2
12n_880	3	1	1	1	2	True	True	2
12n_881	2	1	1	2	2	True	True	1
12n_882	4	1	1	1	1	True	True	3,4,5,6,7
12n_883	3	1	1	1	2	True	True	2
12n_884	2	1	1	2	2	True	True	1
12n_885	3	1	1	1	2	True	True	2
12n_886	3	1	1	1	2	True	True	2
12n_887	4	1	1	1	1	True	True	3,4,5,6,7
12n_888	5	1	1	1	1	True	True	3,4,5,6,7
12n_89	4	1	1	1	1	True	True	3,4,5,6,7
12n_9	3	1	1	1	2	True	True	2
12n_90	4	1	1	1	1	True	True	3,4,5,6,7
12n_91	4	1	1	1	1	True	True	3,4,5,6,7
12n_92	4	1	1	1	1	True	True	3,4,5,6,7
12n_93	4	1	1	1	1	True	True	3,4,5,6,7
12n_94	3	1	1	1	2	True	True	2
12n_95	3	1	1	1	2	True	True	2
12n_96	3	1	1	1	2	True	True	2
12n_97	3	1	1	1	2	True	True	2
12n_98	4	1	1	1	1	True	True	3,4,5,6,7
12n_99	3	1	1	1	2	True	True	2
3_1	1	1	2	3	4	True	True	0
4_1	1	1	2	3	4	True	True	0
5_1	2	1	1	2	2	True	True	1
5_2	1	1	2	3	4	True	True	0
6_1	1	1	2	3	4	True	True	0
6_2	2	1	1	2	2	True	True	1
6_3	2	1	1	2	2	True	True	1
7_1	3	1	1	1	2	True	True	2
7_2	1	1	2	3	4	True	True	0
7_3	2	1	1	2	2	True	True	1
7_4	1	1	2	3	4	True	True	0
7_5	2	1	1	2	2	True	True	1
7_6	2	1	1	2	2	True	True	1
7_7	2	1	1	2	2	True	True	1
8_1	1	1	2	3	4	True	True	0
8_10	3	1	1	1	2	True	True	2
8_11	2	1	1	2	2	True	True	1
8_12	2	1	1	2	2	True	True	1
8_13	2	1	1	2	2	True	True	1
8_14	2	1	1	2	2	True	True	1
8_15	2	1	1	2	2	True	True	1
8_16	3	1	1	1	2	True	True	2
8_17	3	1	1	1	2	True	True	2
8_18	3	1	1	1	2	True	True	2
8_19	3	1	1	1	2	True	True	2
8_2	3	1	1	1	2	True	True	2
8_20	2	1	1	2	2	True	True	1
8_21	2	1	1	2	2	True	True	1
8_3	1	1	2	3	4	True	True	0
8_4	2	1	1	2	2	True	True	1
8_5	3	1	1	1	2	True	True	2
8_6	2	1	1	2	2	True	True	1
8_7	3	1	1	1	2	True	True	2
8_8	2	1	1	2	2	True	True	1
8_9	3	1	1	1	2	True	True	2
9_1	4	1	1	1	1	True	True	3,4,5,6,7
9_10	2	1	1	2	2	True	True	1
9_11	3	1	1	1	2	True	True	2
9_12	2	1	1	2	2	True	True	1
9_13	2	1	1	2	2	True	True	1
9_14	2	1	1	2	2	True	True	1
9_15	2	1	1	2	2	True	True	1
9_16	3	1	1	1	2	True	True	2
9_17	3	1	1	1	2	True	True	2
9_18	2	1	1	2	2	True	True	1
9_19	2	1	1	2	2	True	True	1
9_2	1	1	2	3	4	True	True	0
9_20	3	1	1	1	2	True	True	2
9_21	2	1	1	2	2	True	True	1
9_22	3	1	1	1	2	True	True	2
9_23	2	1	1	2	2	True	True	1
9_24	3	1	1	1	2	True	True	2
9_25	2	1	1	2	2	True	True	1
9_26	3	1	1	1	2	True	True	2
9_27	3	1	1	1	2	True	True	2
9_28	3	1	1	1	2	True	True	2
9_29	3	1	1	1	2	True	True	2
9_3	3	1	1	1	2	True	True	2
9_30	3	1	1	1	2	True	True	2
9_31	3	1	1	1	2	True	True	2
9_32	3	1	1	1	2	True	True	2
9_33	3	1	1	1	2	True	True	2
9_34	3	1	1	1	2	True	True	2
9_35	1	1	2	3	4	True	True	0
9_36	3	1	1	1	2	True	True	2
9_37	2	1	1	2	2	True	True	1
9_38	2	1	1	2	2	True	True	1
9_39	2	1	1	2	2	True	True	1
9_4	2	1	1	2	2	True	True	1
9_40	3	1	1	1	2	True	True	2
9_41	2	1	1	2	2	True	True	1
9_42	2	1	1	2	2	True	True	1
9_43	3	1	1	1	2	True	True	2
9_44	2	1	1	2	2	True	True	1
9_45	2	1	1	2	2	True	True	1
9_46	1	1	2	3	4	True	True	0
9_47	3	1	1	1	2	True	True	2
9_48	2	1	1	2	2	True	True	1
9_49	2	1	1	2	2	True	True	1
9_5	1	1	2	3	4	True	True	0
9_6	3	1	1	1	2	True	True	2
9_7	2	1	1	2	2	True	True	1
9_8	2	1	1	2	2	True	True	1
9_9	3	1	1	1	2	True	True	2
