# towers e^mu_m = (1/2) deg_lambda of H_[r,mu](A=q^-m) from scripts/super_vertex.py (U_q gl(1|m+1), r <= r_max);
# bound_m1_g = (m+1)*genus.  family [r] = symmetric tower e_m, [r,1] = hook tower.  See docs/notes/nonrect_lines.tex
knot	m	family	dim	r_max	n_lambda_terms	e	genus	degAlex	bound_m1_g
10_100	1	[r,1]	8	36	17	8	4	4	8
10_102	1	[r,1]	8	36	13	6	3	3	6
10_103	1	[r,1]	8	36	13	6	3	3	6
10_104	1	[r,1]	8	36	17	8	4	4	8
10_106	1	[r,1]	8	36	17	8	4	4	8
10_108	1	[r,1]	8	36	13	6	3	3	6
10_109	1	[r,1]	8	36	17	8	4	4	8
10_111	1	[r,1]	8	36	13	6	3	3	6
10_112	1	[r,1]	8	36	17	8	4	4	8
10_113	1	[r,1]	8	36	13	6	3	3	6
10_114	1	[r,1]	8	36	13	6	3	3	6
10_116	1	[r,1]	8	36	17	8	4	4	8
10_117	1	[r,1]	8	36	13	6	3	3	6
10_118	1	[r,1]	8	36	17	8	4	4	8
10_119	1	[r,1]	8	36	13	6	3	3	6
10_12	1	[r,1]	8	36	13	6	3	3	6
10_121	1	[r,1]	8	36	13	6	3	3	6
10_122	1	[r,1]	8	36	13	6	3	3	6
10_123	1	[r,1]	8	36	17	8	4	4	8
10_124	1	[r,1]	8	36	17	8	4	4	8
10_125	1	[r,1]	8	36	13	6	3	3	6
10_126	1	[r,1]	8	36	13	6	3	3	6
10_127	1	[r,1]	8	36	13	6	3	3	6
10_128	1	[r,1]	8	36	13	6	3	3	6
10_129	1	[r,1]	8	36	9	4	2	2	4
10_130	1	[r,1]	8	36	9	4	2	2	4
10_131	1	[r,1]	8	36	9	4	2	2	4
10_132	1	[r,1]	8	36	9	4	2	2	4
10_133	1	[r,1]	8	36	9	4	2	2	4
10_134	1	[r,1]	8	36	13	6	3	3	6
10_135	1	[r,1]	8	36	9	4	2	2	4
10_136	1	[r,1]	8	36	9	4	2	2	4
10_139	1	[r,1]	8	36	17	8	4	4	8
10_14	1	[r,1]	8	36	13	6	3	3	6
10_140	1	[r,1]	8	36	9	4	2	2	4
10_141	1	[r,1]	8	36	13	6	3	3	6
10_142	1	[r,1]	8	36	13	6	3	3	6
10_143	1	[r,1]	8	36	13	6	3	3	6
10_144	1	[r,1]	8	36	9	4	2	2	4
10_145	1	[r,1]	8	36	9	4	2	2	4
10_146	1	[r,1]	8	36	9	4	2	2	4
10_147	1	[r,1]	8	36	9	4	2	2	4
10_148	1	[r,1]	8	36	13	6	3	3	6
10_149	1	[r,1]	8	36	13	6	3	3	6
10_15	1	[r,1]	8	36	13	6	3	3	6
10_150	1	[r,1]	8	36	13	6	3	3	6
10_151	1	[r,1]	8	36	13	6	3	3	6
10_152	1	[r,1]	8	36	17	8	4	4	8
10_153	1	[r,1]	8	36	13	6	3	3	6
10_154	1	[r,1]	8	36	13	6	3	3	6
10_155	1	[r,1]	8	36	13	6	3	3	6
10_156	1	[r,1]	8	36	13	6	3	3	6
10_157	1	[r,1]	8	36	13	6	3	3	6
10_158	1	[r,1]	8	36	13	6	3	3	6
10_159	1	[r,1]	8	36	13	6	3	3	6
10_160	1	[r,1]	8	36	13	6	3	3	6
10_161	1	[r,1]	8	36	13	6	3	3	6
10_162	1	[r,1]	8	36	9	4	2	2	4
10_163	1	[r,1]	8	36	13	6	3	3	6
10_164	1	[r,1]	8	36	9	4	2	2	4
10_165	1	[r,1]	8	36	9	4	2	2	4
10_17	1	[r,1]	8	36	17	8	4	4	8
10_19	1	[r,1]	8	36	13	6	3	3	6
10_2	1	[r,1]	8	36	17	8	4	4	8
10_21	1	[r,1]	8	36	13	6	3	3	6
10_22	1	[r,1]	8	36	13	6	3	3	6
10_23	1	[r,1]	8	36	13	6	3	3	6
10_25	1	[r,1]	8	36	13	6	3	3	6
10_26	1	[r,1]	8	36	13	6	3	3	6
10_27	1	[r,1]	8	36	13	6	3	3	6
10_32	1	[r,1]	8	36	13	6	3	3	6
10_39	1	[r,1]	8	36	13	6	3	3	6
10_40	1	[r,1]	8	36	13	6	3	3	6
10_46	1	[r,1]	8	36	17	8	4	4	8
10_47	1	[r,1]	8	36	17	8	4	4	8
10_48	1	[r,1]	8	36	17	8	4	4	8
10_49	1	[r,1]	8	36	13	6	3	3	6
10_5	1	[r,1]	8	36	17	8	4	4	8
10_50	1	[r,1]	8	36	13	6	3	3	6
10_51	1	[r,1]	8	36	13	6	3	3	6
10_52	1	[r,1]	8	36	13	6	3	3	6
10_54	1	[r,1]	8	36	13	6	3	3	6
10_56	1	[r,1]	8	36	13	6	3	3	6
10_57	1	[r,1]	8	36	13	6	3	3	6
10_6	1	[r,1]	8	36	13	6	3	3	6
10_61	1	[r,1]	8	36	13	6	3	3	6
10_62	1	[r,1]	8	36	17	8	4	4	8
10_64	1	[r,1]	8	36	17	8	4	4	8
10_65	1	[r,1]	8	36	13	6	3	3	6
10_66	1	[r,1]	8	36	13	6	3	3	6
10_72	1	[r,1]	8	36	13	6	3	3	6
10_76	1	[r,1]	8	36	13	6	3	3	6
10_77	1	[r,1]	8	36	13	6	3	3	6
10_79	1	[r,1]	8	36	17	8	4	4	8
10_8	1	[r,1]	8	36	13	6	3	3	6
10_80	1	[r,1]	8	36	13	6	3	3	6
10_82	1	[r,1]	8	36	17	8	4	4	8
10_83	1	[r,1]	8	36	13	6	3	3	6
10_84	1	[r,1]	8	36	13	6	3	3	6
10_85	1	[r,1]	8	36	17	8	4	4	8
10_86	1	[r,1]	8	36	13	6	3	3	6
10_87	1	[r,1]	8	36	13	6	3	3	6
10_9	1	[r,1]	8	36	17	8	4	4	8
10_90	1	[r,1]	8	36	13	6	3	3	6
10_91	1	[r,1]	8	36	17	8	4	4	8
10_92	1	[r,1]	8	36	13	6	3	3	6
10_93	1	[r,1]	8	36	13	6	3	3	6
10_94	1	[r,1]	8	36	17	8	4	4	8
10_95	1	[r,1]	8	36	13	6	3	3	6
10_98	1	[r,1]	8	36	13	6	3	3	6
10_99	1	[r,1]	8	36	17	8	4	4	8
11n_151	1	[r]	4	30	9	4	2	2	4
11n_151	1	[r,1]	8	30	9	4	2	2	4
11n_152	1	[r]	4	30	9	4	3	2	6
11n_152	1	[r,1]	8	30	13	6	3	2	6
11n_34	1	[r]	4	32	7	3	3	0	6
11n_34	1	[r,1]	8	32	13	6	3	0	6
11n_34	1	[r,1,1]	12	32	13	6	3	0	6
11n_34	2	[r]	8	40	11	5	3	0	9
11n_39	1	[r]	4	30	9	4	2	2	4
11n_39	1	[r,1]	8	30	9	4	2	2	4
11n_42	1	[r]	4	30	7	3	2	0	4
11n_42	1	[r,1]	8	30	9	4	2	0	4
11n_42	2	[r]	8	40	11	5	2	0	6
11n_42	2	[r,1]	24	40	13	6	2	0	6
11n_45	1	[r]	4	30	9	4	3	2	6
11n_45	1	[r,1]	8	30	13	6	3	2	6
11n_67	1	[r]	4	30	7	3	2	1	4
11n_67	1	[r,1]	8	30	9	4	2	1	4
11n_73	1	[r]	4	30	9	4	3	2	6
11n_73	1	[r,1]	8	32	13	6	3	2	6
11n_73	2	[r]	8	40	13	6	3	2	9
11n_74	1	[r]	4	30	9	4	2	2	4
11n_74	1	[r,1]	8	30	9	4	2	2	4
11n_97	1	[r]	4	30	7	3	2	1	4
11n_97	1	[r,1]	8	30	9	4	2	1	4
12n_124	1	[r]	4	30	9	4	2	1	4
12n_124	1	[r,1]	8	30	9	4	2	1	4
12n_129	1	[r]	4	30	9	4	3	1	6
12n_129	1	[r,1]	8	30	13	6	3	1	6
12n_132	1	[r]	4	30	9	4	3	2	6
12n_132	1	[r,1]	8	30	13	6	3	2	6
12n_221	1	[r]	4	30	9	4	3	2	6
12n_221	1	[r,1]	8	30	13	6	3	2	6
12n_225	1	[r]	4	30	9	4	2	2	4
12n_225	1	[r,1]	8	30	9	4	2	2	4
12n_23	1	[r]	4	30	9	4	2	1	4
12n_23	1	[r,1]	8	30	9	4	2	1	4
12n_231	1	[r]	4	30	9	4	3	2	6
12n_231	1	[r,1]	8	30	13	6	3	2	6
12n_232	1	[r]	4	30	9	4	2	2	4
12n_232	1	[r,1]	8	30	9	4	2	2	4
12n_256	1	[r]	4	30	11	5	3	2	6
12n_256	1	[r,1]	8	30	13	6	3	2	6
12n_257	1	[r]	4	30	11	5	3	2	6
12n_257	1	[r,1]	8	30	13	6	3	2	6
12n_264	1	[r]	4	30	11	5	3	2	6
12n_264	1	[r,1]	8	30	13	6	3	2	6
12n_267	1	[r]	4	30	11	5	3	2	6
12n_267	1	[r,1]	8	30	13	6	3	2	6
12n_268	1	[r]	4	30	7	3	2	1	4
12n_28	1	[r]	4	30	9	4	3	2	6
12n_28	1	[r,1]	8	30	13	6	3	2	6
12n_293	1	[r]	4	30	9	4	2	1	4
12n_293	1	[r,1]	8	24	9	4	2	1	4
12n_293	2	[r]	8	40	13	6	2	1	6
12n_31	1	[r]	4	30	9	4	3	1	6
12n_31	1	[r,1]	8	30	13	6	3	1	6
12n_313	1	[r]	4	30	7	3	2	0	4
12n_313	1	[r,1]	8	30	9	4	2	0	4
12n_321	1	[r]	4	30	9	4	2	1	4
12n_321	1	[r,1]	8	24	9	4	2	1	4
12n_34	1	[r]	4	30	9	4	2	2	4
12n_34	1	[r,1]	8	30	9	4	2	2	4
12n_411	1	[r]	4	30	9	4	2	1	4
12n_411	1	[r,1]	8	30	9	4	2	1	4
12n_430	1	[r]	4	30	7	3	2	0	4
12n_430	1	[r,1]	8	30	9	4	2	0	4
12n_457	1	[r]	4	30	9	4	2	1	4
12n_457	1	[r,1]	8	30	9	4	2	1	4
12n_51	1	[r]	4	30	7	3	2	1	4
12n_519	1	[r]	4	30	9	4	2	1	4
12n_519	1	[r,1]	8	30	9	4	2	1	4
12n_56	1	[r]	4	30	9	4	3	2	6
12n_56	1	[r,1]	8	30	13	6	3	2	6
12n_57	1	[r]	4	30	9	4	2	2	4
12n_57	1	[r,1]	8	30	9	4	2	2	4
12n_63	1	[r]	4	30	9	4	3	2	6
12n_63	1	[r,1]	8	30	13	6	3	2	6
12n_665	1	[r]	4	30	11	5	3	2	6
12n_665	1	[r,1]	8	30	13	6	3	2	6
12n_750	1	[r]	4	30	13	6	3	2	6
12n_750	1	[r,1]	8	30	13	6	3	2	6
12n_750	2	[r]	8	40	19	9	3	2	9
12n_750	2	[r,1]	24	40	19	9	3	2	9
12n_808	1	[r]	4	30	9	4	3	2	6
12n_808	1	[r,1]	8	30	13	6	3	2	6
12n_812	1	[r]	4	30	11	5	3	2	6
12n_812	1	[r,1]	8	30	13	6	3	2	6
12n_830	1	[r]	4	30	13	6	3	2	6
12n_830	1	[r,1]	8	32	13	6	3	2	6
12n_830	2	[r]	8	40	19	9	3	2	9
12n_830	2	[r,1]	24	40	19	9	3	2	9
12n_87	1	[r]	4	30	9	4	3	2	6
12n_87	1	[r,1]	8	30	13	6	3	2	6
3_1	1	[r]	4	32	5	2	1	1	2
3_1	1	[r,1]	8	32	5	2	1	1	2
3_1	1	[r,1,1]	12	32	5	2	1	1	2
3_1	1	[r,1,1,1]	16	32	5	2	1	1	2
4_1	1	[r]	4	32	5	2	1	1	2
4_1	1	[r,1]	8	32	5	2	1	1	2
4_1	1	[r,1,1]	12	32	5	2	1	1	2
4_1	1	[r,1,1,1]	16	32	5	2	1	1	2
5_1	1	[r,1]	8	36	9	4	2	2	4
5_2	1	[r,1]	8	36	5	2	1	1	2
6_1	1	[r,1]	8	36	5	2	1	1	2
6_2	1	[r]	4	32	9	4	2	2	4
6_2	1	[r,1]	8	32	9	4	2	2	4
6_2	1	[r,1,1]	12	32	9	4	2	2	4
6_2	1	[r,1,1,1]	16	32	9	4	2	2	4
6_3	1	[r,1]	8	36	9	4	2	2	4
7_1	1	[r,1]	8	36	13	6	3	3	6
7_2	1	[r,1]	8	36	5	2	1	1	2
7_3	1	[r,1]	8	36	9	4	2	2	4
7_4	1	[r,1]	8	36	5	2	1	1	2
7_5	1	[r,1]	8	36	9	4	2	2	4
7_6	1	[r,1]	8	36	9	4	2	2	4
7_7	1	[r,1]	8	36	9	4	2	2	4
8_10	1	[r,1]	8	36	13	6	3	3	6
8_11	1	[r,1]	8	36	9	4	2	2	4
8_13	1	[r,1]	8	36	9	4	2	2	4
8_14	1	[r,1]	8	36	9	4	2	2	4
8_15	1	[r,1]	8	36	9	4	2	2	4
8_16	1	[r,1]	8	36	13	6	3	3	6
8_17	1	[r,1]	8	36	13	6	3	3	6
8_18	1	[r,1]	8	36	13	6	3	3	6
8_19	1	[r,1]	8	36	13	6	3	3	6
8_2	1	[r,1]	8	36	13	6	3	3	6
8_20	1	[r,1]	8	36	9	4	2	2	4
8_21	1	[r,1]	8	36	9	4	2	2	4
8_4	1	[r,1]	8	36	9	4	2	2	4
8_5	1	[r,1]	8	36	13	6	3	3	6
8_6	1	[r,1]	8	36	9	4	2	2	4
8_7	1	[r,1]	8	36	13	6	3	3	6
8_8	1	[r,1]	8	36	9	4	2	2	4
8_9	1	[r,1]	8	36	13	6	3	3	6
9_1	1	[r,1]	8	36	17	8	4	4	8
9_10	1	[r,1]	8	36	9	4	2	2	4
9_11	1	[r,1]	8	36	13	6	3	3	6
9_13	1	[r,1]	8	36	9	4	2	2	4
9_16	1	[r,1]	8	36	13	6	3	3	6
9_17	1	[r,1]	8	36	13	6	3	3	6
9_18	1	[r,1]	8	36	9	4	2	2	4
9_20	1	[r,1]	8	36	13	6	3	3	6
9_22	1	[r,1]	8	36	13	6	3	3	6
9_23	1	[r,1]	8	36	9	4	2	2	4
9_24	1	[r,1]	8	36	13	6	3	3	6
9_26	1	[r,1]	8	36	13	6	3	3	6
9_27	1	[r,1]	8	36	13	6	3	3	6
9_28	1	[r,1]	8	36	13	6	3	3	6
9_29	1	[r,1]	8	36	13	6	3	3	6
9_3	1	[r,1]	8	36	13	6	3	3	6
9_30	1	[r,1]	8	36	13	6	3	3	6
9_31	1	[r,1]	8	36	13	6	3	3	6
9_32	1	[r,1]	8	36	13	6	3	3	6
9_33	1	[r,1]	8	36	13	6	3	3	6
9_34	1	[r,1]	8	36	13	6	3	3	6
9_36	1	[r,1]	8	36	13	6	3	3	6
9_38	1	[r,1]	8	36	9	4	2	2	4
9_4	1	[r,1]	8	36	9	4	2	2	4
9_40	1	[r,1]	8	36	13	6	3	3	6
9_42	1	[r,1]	8	36	9	4	2	2	4
9_43	1	[r,1]	8	36	13	6	3	3	6
9_44	1	[r,1]	8	36	9	4	2	2	4
9_45	1	[r,1]	8	36	9	4	2	2	4
9_46	1	[r,1]	8	36	5	2	1	1	2
9_47	1	[r,1]	8	36	13	6	3	3	6
9_48	1	[r,1]	8	36	9	4	2	2	4
9_49	1	[r,1]	8	36	9	4	2	2	4
9_6	1	[r,1]	8	36	13	6	3	3	6
9_7	1	[r,1]	8	36	9	4	2	2	4
9_9	1	[r,1]	8	36	13	6	3	3	6
