# gl(2|2) (A=1) vertex values, R=(r2+d,r2), q'=e^{2.39996 i}: knot r1 r2 dimV Re Im scalar_dev health  (scripts/nonrect_k2_family.py vals)
3_1	2	2	16	26.868617029291723	1.1848002041094023e-12	nan	3.0e-12
4_1	2	2	16	141.77145588348611	2.4651392038776976e-12	nan	3.0e-12
5_2	2	2	16	349.69729947758964	7.8828631114105183e-12	nan	3.0e-12
3_1	3	3	16	-3.7018727882097067	-2.4177121392246286e-12	nan	1.1e-11
4_1	3	3	16	16.282313036338909	7.3983041914971182e-12	nan	1.1e-11
5_2	3	3	16	-0.13406330033839195	-3.4255179781380316e-13	nan	1.1e-11
3_1	4	4	16	-0.029705579711233995	-1.313324213208019e-11	nan	6.5e-10
4_1	4	4	16	1.5869482624695266	4.1452952181941782e-12	nan	6.5e-10
5_2	4	4	16	-0.417627338461872	-2.0057379613829658e-11	nan	6.5e-10
3_1	5	5	16	-2.1988086538637277	1.2201007159870332e-12	nan	6.6e-11
4_1	5	5	16	3.4200354514649436	-1.0089706847793423e-11	nan	6.6e-11
5_2	5	5	16	-0.62581145819553885	1.6125560272904342e-11	nan	6.6e-11
3_1	6	6	16	15.413363310411059	4.0526889325518225e-12	nan	6.5e-12
4_1	6	6	16	105.78457717350864	3.8689051962137455e-12	nan	6.5e-12
5_2	6	6	16	233.1130956758951	7.5887173724422106e-12	nan	6.5e-12
3_1	7	7	16	0.40062576755121015	-1.1478953094901062e-11	nan	1.3e-11
4_1	7	7	16	47.110173595375798	1.014299755297543e-12	nan	1.3e-11
5_2	7	7	16	64.489321260856201	-6.9425435694228449e-11	nan	1.3e-11
3_1	8	8	16	-1.6260697080718911	-4.5506772520890331e-11	nan	2.3e-10
4_1	8	8	16	2.8100160484557475	-4.1830316988011873e-11	nan	2.3e-10
5_2	8	8	16	-0.92291382865149041	-2.1905644704460773e-11	nan	2.3e-10
3_1	9	9	16	-1.8477171135163644	-9.799928779717787e-12	nan	1.7e-10
4_1	9	9	16	3.0461198511800176	-6.7895356004044061e-11	nan	1.7e-10
5_2	9	9	16	-0.59474106316820419	-5.8320112824641865e-11	nan	1.7e-10
3_1	10	10	16	2.5473776659644156	-8.2589976079080184e-12	2.1e-11	1.2e-11
4_1	10	10	16	57.342305771297262	-6.8114403006802604e-12	2.4e-12	1.2e-11
5_2	10	10	16	91.048330923708889	6.7333283380021718e-11	3.0e-12	1.2e-11
3_1	11	11	16	12.063613301981642	2.1092603332446048e-11	nan	1.0e-11
4_1	11	11	16	94.352877691345	3.2930103088801843e-11	nan	1.0e-11
5_2	11	11	16	197.73785885079474	2.7743667023034305e-10	nan	1.0e-11
3_1	12	12	16	-2.1460266465957316	-3.8288836200378181e-11	nan	2.5e-10
4_1	12	12	16	3.3987143785579641	-7.3737682626529022e-11	nan	2.5e-10
5_2	12	12	16	-0.090145401196304251	-1.0245439935341933e-10	nan	2.5e-10
3_1	13	13	16	-0.45182733321784851	1.9928065937933156e-11	nan	1.3e-09
4_1	13	13	16	1.8616783127145808	-2.0564649982901528e-10	nan	1.3e-09
5_2	13	13	16	-0.82321281018341474	7.4462790518565241e-11	nan	1.3e-09
3_1	14	14	16	-3.3779500532477496	-2.1122563399069283e-11	nan	5.7e-11
4_1	14	14	16	21.607764311578155	-5.8632432242688992e-11	nan	5.7e-11
5_2	14	14	16	8.4005977885086356	1.7741676224356312e-10	nan	5.7e-11
3_1	15	15	16	24.919448543465464	1.3347574894987858e-10	nan	2.6e-11
4_1	15	15	16	135.90724895479474	-3.0693669827996928e-11	nan	2.6e-11
5_2	15	15	16	330.23100232508909	9.8559088488319963e-10	nan	2.6e-11
3_1	16	16	16	-2.6914846243169843	2.9635107709732404e-10	nan	4.5e-09
4_1	16	16	16	4.1435808801582468	-1.0078090445508892e-09	nan	4.5e-09
5_2	16	16	16	-5.2674271444884937	3.2791719251439408e-09	nan	4.5e-09
3_1	17	17	16	0.93347450058223957	7.2502191216920918e-09	nan	1.6e-06
4_1	17	17	16	1.0350256310102297	-7.4832168057634152e-09	nan	1.6e-06
5_2	17	17	16	0.89394135430534694	5.7401247401668298e-09	nan	1.6e-06
3_1	18	18	16	-3.271402662576901	-5.9366752756393194e-11	nan	4.0e-09
4_1	18	18	16	6.328719016456164	-8.5030545191738804e-10	nan	4.0e-09
5_2	18	18	16	-8.0359546833713988	-5.518272444196013e-09	nan	4.0e-09
3_1	19	19	16	28.124650170117	1.5378839598878146e-10	nan	3.4e-10
4_1	19	19	16	145.50543349084836	-8.7219120814552298e-11	nan	3.4e-10
5_2	19	19	16	362.17626323685778	1.3227128472928781e-09	nan	3.4e-10
3_1	20	20	16	-3.7474519029990341	-1.8048904259147246e-10	5.0e-10	3.4e-10
4_1	20	20	16	12.108706162443232	1.115587067168633e-10	3.9e-10	3.4e-10
5_2	20	20	16	-5.283359990192638	-4.271891990686796e-11	1.7e-09	3.4e-10
3_1	21	21	16	0.3599268849039895	-4.0723983238325536e-10	nan	1.5e-08
4_1	21	21	16	1.3526852261649753	1.2720989400749616e-09	nan	1.5e-08
5_2	21	21	16	0.057347468132027048	6.210225260604421e-10	nan	1.5e-08
3_1	22	22	16	-2.2847526491071499	-4.6397808431338821e-11	nan	5.9e-10
4_1	22	22	16	3.4718979054814509	2.6554403120826464e-10	nan	5.9e-10
5_2	22	22	16	-1.6439071238543479	7.3552263986706953e-10	nan	5.9e-10
3_1	23	23	16	18.695128381470877	9.3717807998079321e-12	nan	3.4e-10
4_1	23	23	16	116.51562940815711	-3.5903191530906042e-10	nan	3.4e-10
5_2	23	23	16	267.11280071269971	-5.0655652886234077e-10	nan	3.4e-10
3_1	24	24	16	-1.2748525835924476	-8.4381209386179561e-11	nan	3.4e-10
4_1	24	24	16	37.894119823407586	-7.3528294564084717e-11	nan	3.4e-10
5_2	24	24	16	42.189095065183388	1.2880360373896448e-09	nan	3.4e-10
3_1	25	25	16	-1.3269443100427425	-1.6815828126850045e-10	nan	1.5e-09
4_1	25	25	16	2.5313301586808135	2.7756397180667136e-10	nan	1.5e-09
5_2	25	25	16	-1.1147551337846462	-3.8664114093259003e-10	nan	1.5e-09
3_1	26	26	16	-1.9947278996822937	1.719740143064012e-10	nan	7.4e-10
4_1	26	26	16	3.2239665547042122	-1.9659829320062272e-10	nan	7.4e-10
5_2	26	26	16	-0.23969115802364552	2.6185707298959114e-10	nan	7.4e-10
3_1	27	27	16	5.132322801257283	-6.9112366105239892e-11	nan	3.4e-10
4_1	27	27	16	68.376351115173819	-9.1211838082472241e-10	nan	3.4e-10
5_2	27	27	16	121.34613143349262	-1.5953897776784999e-09	nan	3.4e-10
3_1	28	28	16	8.8063028819492679	-4.0384981944247549e-11	nan	3.4e-10
4_1	28	28	16	82.628625239928482	-1.1160317114899954e-10	nan	3.4e-10
5_2	28	28	16	162.49653203022316	1.3267782333406301e-09	nan	3.4e-10
3_1	29	29	16	-2.0965604518887098	-2.6250130965194157e-11	nan	7.1e-10
4_1	29	29	16	3.3540865652720213	-4.4993153647254758e-10	nan	7.1e-10
5_2	29	29	16	0.021564642034918553	-5.8526242498801627e-10	nan	7.1e-10
3_1	30	30	16	-0.8689961093070433	5.7161849493287362e-10	1.4e-09	3.1e-09
4_1	30	30	16	2.1603474079266203	-1.474165678416739e-09	1.6e-09	3.1e-09
5_2	30	30	16	-1.0778855104664653	-2.1571333490471478e-10	3.2e-09	3.1e-09
3_1	31	31	16	-2.6965780130997685	-1.0909971686760826e-10	nan	3.4e-10
4_1	31	31	16	28.153937594646369	-1.2474319355249008e-09	nan	3.4e-10
5_2	31	31	16	20.88049458655874	-2.572902900705084e-09	nan	3.4e-10
3_1	32	32	16	22.389936824058093	-7.4796665434861912e-11	nan	3.4e-10
4_1	32	32	16	128.15855598370914	1.5997514424270776e-10	nan	3.4e-10
5_2	32	32	16	304.76915343260117	-5.2022297295337391e-10	nan	3.4e-10
3_1	33	33	16	-2.4685759629292461	-9.745018098629295e-11	nan	2.0e-09
4_1	33	33	16	3.6976061224721715	-2.0769374831086651e-09	nan	2.0e-09
5_2	33	33	16	-3.4921438708944437	2.1606288113613061e-09	nan	2.0e-09
3_1	34	34	16	0.74067217871597169	3.9956615902097181e-09	nan	9.7e-08
4_1	34	34	16	1.1385698475377968	-8.9173675596465607e-09	nan	9.7e-08
5_2	34	34	16	0.59658187238440208	-1.7981382242928739e-09	nan	9.7e-08
3_1	35	35	16	-3.5466729487669504	-4.4386087814626393e-11	nan	1.5e-09
4_1	35	35	16	8.3848036908203394	-7.6315762043144275e-10	nan	1.5e-09
5_2	35	35	16	-7.9678586621618459	-1.1056547834111991e-08	nan	1.5e-09
3_1	36	36	16	28.613748603400222	2.6336656321496088e-10	nan	3.4e-10
4_1	36	36	16	146.95044572077842	3.8079878139640755e-10	nan	3.4e-10
5_2	36	36	16	367.02249796842028	2.5309423768405581e-10	nan	3.4e-10
3_1	37	37	16	-3.5993986073654871	-2.8941806230963619e-10	nan	1.9e-09
4_1	37	37	16	8.9738807468782014	1.6446791151203399e-09	nan	1.9e-09
5_2	37	37	16	-7.7172291004563318	-3.0259752781011449e-09	nan	1.9e-09
3_1	38	38	16	0.68024419489004939	1.4345601633709954e-09	nan	2.0e-07
4_1	38	38	16	1.1716699291385089	3.6188368274236993e-10	nan	2.0e-07
5_2	38	38	16	0.506588430727554	9.4117685641656913e-09	nan	2.0e-07
3_1	39	39	16	-2.4266216082693965	-4.2262244078507226e-10	nan	5.4e-09
4_1	39	39	16	3.6340363041468642	-5.730768637413064e-10	nan	5.4e-09
5_2	39	39	16	-3.1066980191706928	8.5818272080441146e-09	nan	5.4e-09
3_1	40	40	16	21.740226739616823	1.6385886534752039e-10	1.4e-11	3.4e-10
4_1	40	40	16	126.1407658487323	1.9158008512931701e-11	1.1e-11	3.4e-10
5_2	40	40	16	298.18970583610871	-3.063646327368802e-09	1.9e-11	3.4e-10
3_1	41	41	16	-2.4819824980026395	-2.219948724564417e-10	nan	3.6e-10
4_1	41	41	16	29.835837703413372	5.6556359595560934e-10	nan	3.6e-10
5_2	41	41	16	24.355655609030379	2.572865702444549e-09	nan	3.6e-10
3_1	42	42	16	-0.96065789112688493	-1.0167090281750354e-09	nan	4.2e-09
4_1	42	42	16	2.2304481193706036	-7.0792194328817004e-10	nan	4.2e-09
5_2	42	42	16	-1.1090644492704569	1.9737983845560895e-09	nan	4.2e-09
3_1	43	43	16	-2.0823286813763819	-3.5024329967572575e-10	nan	1.7e-09
4_1	43	43	16	3.3368861944966675	-1.5730291513804673e-09	nan	1.7e-09
5_2	43	43	16	-0.00074289217148438083	2.3269553158387271e-09	nan	1.7e-09
3_1	44	44	16	8.0851328149107538	-9.8014205203878537e-11	nan	5.0e-10
4_1	44	44	16	79.93063026263431	-1.2619292277804561e-09	nan	5.0e-10
5_2	44	44	16	154.55393442808551	2.6841269204680114e-10	nan	5.0e-10
3_1	45	45	16	5.7825770734290263	-6.0437414912033995e-11	nan	4.4e-10
4_1	45	45	16	71.000804561622431	5.0788173666660441e-10	nan	4.4e-10
5_2	45	45	16	128.76672837277198	4.1788185767021774e-09	nan	4.4e-10
3_1	46	46	16	-2.0193746510259949	-8.0642383099677155e-10	nan	1.3e-09
4_1	46	46	16	3.2557035563866332	-1.7209716984822876e-09	nan	1.3e-09
5_2	46	46	16	-0.16882408216491177	2.1781466163918106e-10	nan	1.3e-09
3_1	47	47	16	-1.247964563401522	-4.1997638472115936e-11	nan	3.5e-09
4_1	47	47	16	2.4632662193897397	-3.8311871453089452e-09	nan	3.5e-09
5_2	47	47	16	-1.1320896848304103	-1.0712831716174079e-09	nan	3.5e-09
3_1	3	2	32	-3.7766246670337882	2.0547354670509761	nan	3.2e-11
4_1	3	2	32	1.5828301429996687	-8.744560631157583e-12	nan	3.2e-11
5_2	3	2	32	-9.5667361928311614	9.5349508376462833	nan	3.2e-11
3_1	4	3	32	-1.8961278025172736	-2.5149383046411891	nan	5.1e-11
4_1	4	3	32	0.078889967019105625	6.6777694485153916e-12	nan	5.1e-11
5_2	4	3	32	-5.1981191263805542	-6.3652574452365647	nan	5.1e-11
3_1	5	4	32	-3.1003852850595592	1.3387698462590591	nan	7.4e-11
4_1	5	4	32	2.7880405473825731	-2.1429746865919697e-11	nan	7.4e-11
5_2	5	4	32	-6.2898830276571402	3.493255149035833	nan	7.4e-11
3_1	6	5	32	-3.0664396988236486	-2.9616382691865306	nan	3.6e-10
4_1	6	5	32	0.65731997783026996	2.3273161176007306e-11	nan	3.6e-10
5_2	6	5	32	-6.7510634180882612	-8.9423292888655332	nan	3.6e-10
3_1	7	6	32	-8.04878435969467	2.5732082282953361	nan	4.6e-11
4_1	7	6	32	-2.9737171984888509	-4.8733461710526171e-11	nan	4.6e-11
5_2	7	6	32	-19.028788542383477	15.278056420830675	nan	4.6e-11
3_1	8	7	32	-4.1116837834159794	-4.3425406776927691	nan	5.7e-11
4_1	8	7	32	-2.1511252108883365	8.2045481519799068e-12	nan	5.7e-11
5_2	8	7	32	-9.3090832401055561	-11.525515832762993	nan	5.7e-11
3_1	9	8	32	-5.2497167648282312	1.6040774982197896	nan	8.3e-11
4_1	9	8	32	1.8171941134130782	-8.9028784344691303e-12	nan	8.3e-11
5_2	9	8	32	-10.031933122404878	4.331865684850869	nan	8.3e-11
3_1	10	9	32	-4.295050812281664	-4.417984532512758	nan	2.0e-10
4_1	10	9	32	-2.096320611859559	2.8161917242641721e-12	nan	2.0e-10
5_2	10	9	32	-9.550526339895546	-11.939707592029675	nan	2.0e-10
3_1	11	10	32	-8.6932774036233127	2.5843324053488756	1.7e-11	8.8e-11
4_1	11	10	32	-3.674598526383233	-1.4059553521406087e-10	1.1e-10	8.8e-11
5_2	11	10	32	-20.433706707626463	15.894015877791364	6.1e-11	8.8e-11
3_1	12	11	32	-3.5752318801786447	-3.5321096561753089	nan	1.0e-10
4_1	12	11	32	-0.2431927459196952	2.4025115230585925e-11	nan	1.0e-10
5_2	12	11	32	-7.7986651393252702	-10.331942281852276	nan	1.0e-10
3_1	13	12	32	-3.8148944675949457	1.4635288259060482	nan	1.6e-10
4_1	13	12	32	2.5007897252879223	5.9135654706388152e-11	nan	1.6e-10
5_2	13	12	32	-7.52201061418981	3.8605030398038411	nan	1.6e-10
3_1	14	13	32	-2.4982057485986515	-3.1052579701751024	nan	3.8e-10
4_1	14	13	32	-0.6907462252528398	-1.0364153979480761e-11	nan	3.8e-10
5_2	14	13	32	-6.3801455409880417	-7.9161700143952221	nan	3.8e-10
3_1	15	14	32	-4.8134744747854272	2.2879342258665352	nan	3.3e-10
4_1	15	14	32	0.50016967617925578	-1.7085921566462048e-10	nan	3.3e-10
5_2	15	14	32	-11.898195495963012	11.327437162922093	nan	3.3e-10
3_1	16	15	32	-1.632953858192197	-0.6947208057508768	nan	4.0e-09
4_1	16	15	32	3.1745495814111759	7.9832276900226873e-10	nan	4.0e-09
5_2	16	15	32	-4.101310779671878	-2.3878875180275707	nan	4.0e-09
3_1	17	16	32	-1.1109620530432129	0.45069497153087007	nan	5.2e-09
4_1	17	16	32	3.0791008861065268	1.555141293518858e-10	nan	5.2e-09
5_2	17	16	32	-3.0250497636646081	1.1420498819422471	nan	5.2e-09
3_1	18	17	32	-0.75905788868206026	-0.52769426198191693	nan	1.6e-08
4_1	18	17	32	2.3855476425590747	1.2622395906269901e-09	nan	1.6e-08
5_2	18	17	32	-2.6834206327287276	-1.3264211435019317	nan	1.6e-08
3_1	19	18	32	-1.6514414935880033	0.63376675807909644	nan	2.4e-08
4_1	19	18	32	3.5561175523717874	-7.3802913780340873e-10	nan	2.4e-08
5_2	19	18	32	-4.5059343100581826	2.4140366492151868	nan	2.4e-08
3_1	20	19	32	-2.8745221595560735	1.7265349682583446	nan	6.5e-10
4_1	20	19	32	2.4946337951438258	-6.6053340574967478e-10	nan	6.5e-10
5_2	20	19	32	-7.4992676930524178	7.5141476426013805	nan	6.5e-10
3_1	21	20	32	-1.3678741858246912	-1.8872590611315483	1.2e-10	6.4e-10
4_1	21	20	32	0.87437551091453014	6.1875948809131387e-10	1.4e-09	6.4e-10
5_2	21	20	32	-4.1188975457964121	-4.7537583214905208	1.4e-09	6.4e-10
3_1	22	21	32	-2.3788312969863403	1.1513488589976184	nan	1.6e-09
4_1	22	21	32	3.0194039122200431	-2.869033899344231e-10	nan	1.6e-09
5_2	22	21	32	-5.0649834847243076	2.9725863141916378	nan	1.6e-09
3_1	23	22	32	-2.5311822855809649	-2.3009799049715207	nan	2.5e-09
4_1	23	22	32	1.5695860266431232	7.5180150993503503e-10	nan	2.5e-09
5_2	23	22	32	-5.6947585367582274	-7.1987836370624168	nan	2.5e-09
3_1	24	23	32	-7.1750203616545667	2.5390614247692969	nan	3.4e-10
4_1	24	23	32	-2.026984276355333	-5.0632920078896859e-10	nan	3.4e-10
5_2	24	23	32	-17.117469930983169	14.371346455698292	nan	3.4e-10
3_1	25	24	32	-3.7443393938680911	-4.1057768313956959	nan	3.4e-10
4_1	25	24	32	-1.9394306074213357	6.5013416872261587e-10	nan	3.4e-10
5_2	25	24	32	-8.6925081491478	-10.731188264331127	nan	3.4e-10
3_1	26	25	32	-5.0163251459223979	1.5887318423520806	nan	4.2e-10
4_1	26	25	32	1.9357599893478239	-1.1875567196284464e-10	nan	4.2e-10
5_2	26	25	32	-9.6211818147155324	4.2732844705447066	nan	4.2e-10
3_1	27	26	32	-4.2759333254069034	-4.3235961500133948	nan	1.3e-09
4_1	27	26	32	-1.7719055464594202	3.7011105291639979e-10	nan	1.3e-09
5_2	27	26	32	-9.3920091787354885	-11.932308469505314	nan	1.3e-09
3_1	28	27	32	-9.0504858509826818	2.5860369024530772	nan	3.7e-10
4_1	28	27	32	-4.0638442875223033	-8.0923734380178303e-10	nan	3.7e-10
5_2	28	27	32	-21.210811801339148	16.218609934573216	nan	3.7e-10
3_1	29	28	32	-3.9863840258826744	-3.9794133142697392	nan	5.5e-10
4_1	29	28	32	-1.0416741677970571	6.6586536284773956e-10	nan	5.5e-10
5_2	29	28	32	-8.6891969234347144	-11.317445491946923	nan	5.5e-10
3_1	30	29	32	-4.4475487954397508	1.5401278404810514	nan	5.1e-10
4_1	30	29	32	2.2136793817366733	6.6688043975915434e-11	nan	5.1e-10
5_2	30	29	32	-8.62390072027552	4.1035946762675595	nan	5.1e-10
3_1	31	30	32	-3.1023581708842354	-3.6217595933623383	4.4e-09	2.0e-09
4_1	31	30	32	-1.3588194062826684	4.6980301593446683e-10	2.0e-07	2.0e-09
5_2	31	30	32	-7.5267478760041264	-9.3223637336170988	4.2e-09	2.0e-09
3_1	32	31	32	-5.9016638082763926	2.4392199584922851	nan	7.1e-10
4_1	32	31	32	-0.65696762017723787	-1.0661425631219856e-09	nan	7.1e-10
5_2	32	31	32	-14.315016223526046	12.862539728539222	nan	7.1e-10
3_1	33	32	32	-1.9511559096418032	-1.4200312118343019	nan	2.4e-09
4_1	33	32	32	2.5684493552529841	1.8375780896917604e-09	nan	2.4e-09
5_2	33	32	32	-4.6174242606665956	-4.6670420415969884	nan	2.4e-09
3_1	34	33	32	-1.5914522001560489	0.816606459724598	nan	3.5e-09
4_1	34	33	32	3.1493454910026415	3.4701252982216602e-10	nan	3.5e-09
5_2	34	33	32	-3.7682713423957157	2.0844200404779198	nan	3.5e-09
3_1	35	34	32	-0.91319542227142858	-1.1161795085945687	nan	1.6e-08
4_1	35	34	32	1.7808794798616048	1.9098272963091745e-09	nan	1.6e-08
5_2	35	34	32	-3.1172056154041736	-2.8041593252270856	nan	1.6e-08
3_1	36	35	32	-2.0464729589160751	1.1838993441119749	nan	7.6e-09
4_1	36	35	32	3.2685980248680191	-2.8006643670863696e-09	nan	7.6e-09
5_2	36	35	32	-5.5293578832778669	4.7770325160342422	nan	7.6e-09
3_1	37	36	32	-2.1740042091059504	1.2970370309342154	nan	2.7e-09
4_1	37	36	32	3.1574327223806637	-3.7653564710637966e-09	nan	2.7e-09
5_2	37	36	32	-5.8413966499705889	5.3062274813506196	nan	2.7e-09
3_1	38	37	32	-0.97780476612886891	-1.2578219104871804	nan	6.0e-09
4_1	38	37	32	1.6223927447341091	1.9212229585008345e-09	nan	6.0e-09
5_2	38	37	32	-3.2690581001543548	-3.1606840412988988	nan	6.0e-09
3_1	39	38	32	-1.72504141865119	0.8886891954084184	nan	1.7e-08
4_1	39	38	32	3.1415535122652418	1.7026953180732107e-09	nan	1.7e-08
5_2	39	38	32	-3.9836640526346345	2.272844849424684	nan	1.7e-08
3_1	40	39	32	-2.0471751770045525	-1.5875832496095317	nan	2.4e-08
4_1	40	39	32	2.3989556752747614	1.7203760638295762e-09	nan	2.4e-08
5_2	40	39	32	-4.7884448280528327	-5.1673442698875194	nan	2.4e-08
3_1	41	40	32	-6.1497521180109684	2.4642321802353773	6.0e-11	1.7e-09
4_1	41	40	32	-0.92277366534639838	-2.1316375331537074e-09	5.6e-09	1.7e-09
5_2	41	40	32	-14.862886551740413	13.177259086141708	1.2e-09	1.7e-09
3_1	42	41	32	-3.2341014872948946	-3.7264910574120691	nan	1.4e-09
4_1	42	41	32	-1.4906232868077347	1.6950680858940359e-09	nan	1.4e-09
5_2	42	41	32	-7.7712252486897615	-9.6166332388445301	nan	1.4e-09
3_1	43	42	32	-4.5742800407258404	1.552451018947852	nan	4.3e-09
4_1	43	42	32	2.153220187709175	1.9108887805430186e-09	nan	4.3e-09
5_2	43	42	32	-8.8456154710492143	4.144998359498576	nan	4.3e-09
3_1	44	43	32	-4.0608237312034543	-4.0620390170276393	nan	5.8e-09
4_1	44	43	32	-1.2025159038802089	5.4198534549243504e-10	nan	5.8e-09
5_2	44	43	32	-8.8583420841061358	-11.483400158521306	nan	5.8e-09
3_1	45	44	32	-9.0880484460746516	2.5860443463870699	nan	2.4e-09
4_1	45	44	32	-4.1048053915486307	-2.4309221302587503e-09	nan	2.4e-09
5_2	45	44	32	-21.292468296544776	16.252095151104342	nan	2.4e-09
3_1	46	45	32	-4.2430428770120434	-4.2778859615690719	nan	2.2e-09
4_1	46	45	32	-1.6611211338021019	1.3928431741305758e-09	nan	2.2e-09
5_2	46	45	32	-9.3005178513237219	-11.868372795889368	nan	2.2e-09
3_1	47	46	32	-4.9317045051252641	1.5825452942388851	nan	4.5e-09
4_1	47	46	32	1.978134278897179	1.8838367532580946e-09	nan	4.5e-09
5_2	47	46	32	-9.4724636793397217	4.250550343217097	nan	4.5e-09
3_1	48	47	32	-3.6376801576172557	-4.0302444556056232	nan	6.1e-09
4_1	48	47	32	-1.8555947193169644	2.983757685370847e-10	nan	6.1e-09
5_2	48	47	32	-8.5041008764581445	-10.50056173220867	nan	6.1e-09
3_1	4	2	48	-3.6824683182245264	-0.60111220748684346	nan	1.5e-10
4_1	4	2	48	6.503270091922861	-3.5982494761555017e-11	nan	1.5e-10
5_2	4	2	48	-12.106138091911737	6.610183861377724	nan	1.5e-10
3_1	5	3	48	4.3804687853271949	20.816495697834181	nan	6.8e-11
4_1	5	3	48	-64.576664285435385	-4.1426950758705061e-10	nan	6.8e-11
5_2	5	3	48	323.66378324710968	167.75459424080429	nan	6.8e-11
3_1	6	4	48	-0.5823885674942999	1.8047834243233043	nan	6.1e-10
4_1	6	4	48	-6.1660447774855136	-8.2810380774844816e-10	nan	6.1e-10
5_2	6	4	48	44.138770503347033	5.169292061626547	nan	6.1e-10
3_1	7	5	48	-0.2997230138721127	-1.2530165574073684	nan	1.2e-08
4_1	7	5	48	2.2899535777829416	-6.9831029847478021e-11	nan	1.2e-08
5_2	7	5	48	0.39247938431863638	-2.3733929018105115	nan	1.2e-08
3_1	8	6	48	-2.5780801013068055	-1.552516909187708	nan	5.5e-10
4_1	8	6	48	4.6678846866114743	2.8560975806612987e-10	nan	5.5e-10
5_2	8	6	48	-4.3086308194619702	3.015397297765853	nan	5.5e-10
3_1	9	7	48	2.7430670167644444	10.585672472874515	nan	9.2e-11
4_1	9	7	48	-36.965948168897242	-6.9193895058106136e-10	nan	9.2e-11
5_2	9	7	48	190.98645549293093	77.322848766000462	nan	9.2e-11
3_1	10	8	48	2.1854007914455345	8.3052551453512802	nan	4.9e-10
4_1	10	8	48	-30.05015322276331	-1.3203127480210242e-09	nan	4.9e-10
5_2	10	8	48	157.83172714601594	57.577236227518064	nan	4.9e-10
3_1	11	9	48	-2.1540821064182247	-1.6858507631618262	nan	3.1e-09
4_1	11	9	48	4.1654659186543581	-1.670188432001396e-10	nan	3.1e-09
5_2	11	9	48	-2.8028092849456172	1.3497908511574221	nan	3.1e-09
3_1	12	10	48	-0.70941240644587145	-1.4976054224110946	5.1e-10	3.7e-09
4_1	12	10	48	2.6850660504395814	1.8674428670095722e-09	3.3e-09	3.7e-09
5_2	12	10	48	0.027936927799869015	-2.2088919771912763	1.2e-09	3.7e-09
3_1	13	11	48	0.094688603989509262	2.833098756125306	nan	2.8e-10
4_1	13	11	48	-10.738179782998913	-3.7814462672258742e-10	nan	2.8e-10
5_2	13	11	48	65.723557714266803	12.51418834919588	nan	2.8e-10
3_1	14	12	48	4.1029086051496861	18.570508983385984	nan	5.1e-10
4_1	14	12	48	-58.85106984547982	-1.2540706251229494e-09	nan	5.1e-10
5_2	14	12	48	296.12726654374001	147.75917852014314	nan	5.1e-10
3_1	15	13	48	-3.5600728369649333	-0.82198892980555327	nan	5.6e-09
4_1	15	13	48	6.1893793105998416	1.579659958395041e-09	nan	5.6e-09
5_2	15	13	48	-10.449205589578154	6.713834133499363	nan	5.6e-09
3_1	16	14	48	0.69764691851414606	-0.25042974751071834	nan	5.4e-07
4_1	16	14	48	1.3076916133638599	1.6409926029137267e-08	nan	5.4e-07
5_2	16	14	48	0.75412641911865941	-0.67720644628560822	nan	5.4e-07
3_1	17	15	48	-2.5203283664775831	0.17993134175336975	nan	6.4e-09
4_1	17	15	48	3.4414842890827817	4.4462242776432959e-09	nan	6.4e-09
5_2	17	15	48	-0.24925325150816641	-1.3372963265682243	nan	6.4e-09
3_1	18	16	48	4.853577308029406	25.401997512275866	nan	3.3e-10
4_1	18	16	48	-75.866908593067507	-3.1630058572318376e-09	nan	3.3e-10
5_2	18	16	48	377.97879447828205	208.70121330685731	nan	3.3e-10
3_1	19	17	48	-3.3190428258639471	-0.1256798943849092	nan	1.3e-07
4_1	19	17	48	5.9492619681538637	2.5021722971363403e-08	nan	1.3e-07
5_2	19	17	48	-10.998824044145504	1.9015605700093425	nan	1.3e-07
3_1	20	18	48	0.99179633099022202	0.16820351634566005	nan	4.3e-06
4_1	20	18	48	1.0029643337961793	-1.7138331510901939e-08	nan	4.3e-06
5_2	20	18	48	0.75159271918784287	0.48807820597520202	nan	4.3e-06
3_1	21	19	48	-3.6972622194710638	-0.41652536494680986	nan	3.3e-09
4_1	21	19	48	6.6471708512169156	-3.3877667338089168e-10	nan	3.3e-09
5_2	21	19	48	-13.136086873624947	5.7653765830292656	nan	3.3e-09
3_1	22	20	48	4.5934216346975578	22.746244683212499	1.5e-10	3.4e-10
4_1	22	20	48	-69.387693966710899	-7.9704318700635213e-09	2.3e-09	3.4e-10
5_2	22	20	48	346.80662516289578	184.96961537600581	4.8e-09	3.4e-10
3_1	23	21	48	-1.2387431539899394	1.0615631328139141	nan	9.4e-09
4_1	23	21	48	-2.3615754374421587	-1.9594552203017201e-08	nan	9.4e-09
5_2	23	21	48	26.328572248573497	0.69435746630076456	nan	9.4e-09
3_1	24	22	48	0.068950208622278242	-0.95286196928820555	nan	8.3e-08
4_1	24	22	48	1.9328889613512887	-8.4435647917935341e-09	nan	8.3e-08
5_2	24	22	48	0.60319273491778036	-2.1183930279969463	nan	8.3e-08
3_1	25	23	48	-2.9588886008936264	-1.3551149332434991	nan	1.1e-09
4_1	25	23	48	5.1735818754428751	1.1376772857119022e-09	nan	1.1e-09
5_2	25	23	48	-6.0863620384151078	4.6061347220722162	nan	1.1e-09
3_1	26	24	48	3.2392645949138514	13.033853504624755	nan	3.4e-10
4_1	26	24	48	-43.994076642451311	-8.0125612811343672e-09	nan	3.4e-10
5_2	26	24	48	224.72330510582304	98.76264392952811	nan	3.4e-10
3_1	27	25	48	1.5751947193093074	6.2699611093949361	nan	1.5e-09
4_1	27	25	48	-23.45694493245939	-1.3607376558866235e-08	nan	1.5e-09
5_2	27	25	48	126.28271964648874	40.25841800228401	nan	1.5e-09
3_1	28	26	48	-1.7058270752705684	-1.7344263665316433	nan	2.2e-08
4_1	28	26	48	3.6790326927904062	-6.3076437406550667e-09	nan	2.2e-08
5_2	28	26	48	-1.6053045282204883	-0.16703076127714087	nan	2.2e-08
3_1	29	27	48	-1.1480346726220445	-1.662116027459478	nan	8.1e-09
4_1	29	27	48	3.1131807811862644	4.0475442997234268e-09	nan	8.1e-09
5_2	29	27	48	-0.5437367578630069	-1.5699153031307875	nan	8.1e-09
3_1	30	28	48	0.77147755322390432	4.1763271970393383	nan	4.8e-10
4_1	30	28	48	-16.043743251568358	-3.3494043094606241e-09	nan	4.8e-10
5_2	30	28	48	90.918846773880318	22.997469384095332	nan	4.8e-10
3_1	31	29	48	3.7578730468411057	16.127696668363129	nan	7.4e-10
4_1	31	29	48	-52.443363744643861	-1.5272188846893187e-08	nan	7.4e-10
5_2	31	29	48	265.3206092253576	126.07790727707092	nan	7.4e-10
3_1	32	30	48	-3.3406604592577036	-1.0640343818463454	8.4e-08	1.7e-08
4_1	32	30	48	5.7683016046493156	-6.3707439323934523e-10	1.7e-06	1.7e-08
5_2	32	30	48	-8.5029979294002356	6.110459026342431	4.6e-07	1.7e-08
3_1	33	31	48	0.45207152923655952	-0.55482490192411982	nan	2.5e-07
4_1	33	31	48	1.5553786432551937	2.7371663102737642e-08	nan	2.5e-07
5_2	33	31	48	0.72290349271071797	-1.4018937881984928	nan	2.5e-07
3_1	34	32	48	-1.9860986841913018	0.46885448770965477	nan	5.1e-09
4_1	34	32	48	1.2773545984781021	1.7193877432930549e-09	nan	5.1e-09
5_2	34	32	48	9.5277356534216846	-1.5291346302617295	nan	5.1e-09
3_1	35	33	48	4.7720622256496856	24.530335037511154	nan	6.1e-10
4_1	35	33	48	-73.757133316081436	-2.1703659314198376e-08	nan	6.1e-10
5_2	35	33	48	367.82798218690709	200.9077185788399	nan	6.1e-10
3_1	36	34	48	-3.5591558051741452	-0.24187621759113745	nan	9.9e-08
4_1	36	34	48	6.4768768954090925	4.5726878283858241e-08	nan	9.9e-08
5_2	36	34	48	-12.930970636897877	3.85862236827113	nan	9.9e-08
3_1	37	35	48	1.035142464544581	0.23508930988420157	nan	2.2e-06
4_1	37	35	48	0.95718785627802305	-1.0037106550064845e-07	nan	2.2e-06
5_2	37	35	48	0.74792602727232904	0.68870911152338665	nan	2.2e-06
3_1	38	36	48	-3.5982762068794476	-0.27085968606789784	nan	9.1e-09
4_1	38	36	48	6.5444892729388426	4.9786441636001655e-10	nan	9.1e-09
5_2	38	36	48	-13.128167261690212	4.2723624314037547	nan	9.1e-09
3_1	39	37	48	4.7453578054337529	24.252995238873076	nan	6.8e-10
4_1	39	37	48	-73.082512733808599	-1.8407249890994848e-08	nan	6.8e-10
5_2	39	37	48	364.58224739451441	198.4288825739257	nan	6.8e-10
3_1	40	38	48	-1.8529254780396534	0.55701644554964314	nan	9.5e-08
4_1	40	38	48	0.68125895512136081	-9.8216732691280839e-08	nan	9.5e-08
5_2	40	38	48	12.25620182594915	-1.3474132635832503	nan	9.5e-08
3_1	41	39	48	0.38690416459166754	-0.62900111242198153	nan	8.9e-07
4_1	41	39	48	1.6202631764304325	-2.031497253751624e-08	nan	8.9e-07
5_2	41	39	48	0.70895590227964211	-1.5583640553825628	nan	8.9e-07
3_1	42	40	48	-3.2778664203745125	-1.1203400628807052	4.3e-10	4.3e-09
4_1	42	40	48	5.6616015610418602	7.0644476934944578e-09	3.1e-09	4.3e-09
5_2	42	40	48	-8.042934687576027	5.8842175520294155	2.6e-08	4.3e-09
3_1	43	41	48	3.6687427879437888	15.550639707110134	nan	8.7e-10
4_1	43	41	48	-50.898255263396074	-1.427161322453685e-08	nan	8.7e-10
5_2	43	41	48	257.89422387524189	120.96903930009371	nan	8.7e-10
3_1	5	2	64	30.619126185699702	35.264558219452113	nan	1.9e-10
4_1	5	2	64	2284.6337188011812	2.4535307119322169e-10	nan	1.9e-10
5_2	5	2	64	-3367.7237494430733	-4467.8789479632005	nan	1.9e-10
3_1	6	3	64	-94.216770955245707	220.15755913628524	nan	3.2e-10
4_1	6	3	64	6584.629173660971	-6.3237276526351138e-10	nan	3.2e-10
5_2	6	3	64	-10838.352818038147	-17976.829710272472	nan	3.2e-10
3_1	7	4	64	3.1926199869442429	2.4513504834149589	nan	1.6e-08
4_1	7	4	64	122.93270939038567	-1.7256328588288739e-09	nan	1.6e-08
5_2	7	4	64	-126.22295851288089	-9.6450718065445464	nan	1.6e-08
3_1	8	5	64	-1.3365939903791633	4.4004916305456181	nan	1.2e-07
4_1	8	5	64	14.007330644521911	5.1762172326164091e-10	nan	1.2e-07
5_2	8	5	64	-6.841958303816841	7.1022716893763223	nan	1.2e-07
3_1	9	6	64	26.671326491881402	5.8733563605022141	nan	2.2e-10
4_1	9	6	64	843.62232712538935	-1.3490213390809913e-09	nan	2.2e-10
5_2	9	6	64	-1102.453077505671	-1037.4220699298342	nan	2.2e-10
3_1	10	7	64	-141.24649815418005	277.83490123392448	nan	3.1e-10
4_1	10	7	64	7625.1637091610419	4.8403236974081665e-09	nan	3.1e-10
5_2	10	7	64	-12723.840112939373	-21611.321941997772	nan	3.1e-10
3_1	11	8	64	21.836621922942662	4.0430569340681002	nan	3.9e-09
4_1	11	8	64	627.63797234039305	-2.9201085993690867e-10	nan	3.9e-09
5_2	11	8	64	-789.73044646429889	-642.97612088172639	nan	3.9e-09
3_1	12	9	64	-1.6953182632892563	5.2078767566866633	nan	1.3e-07
4_1	12	9	64	15.5363196165627	2.2108714858859457e-09	nan	1.3e-07
5_2	12	9	64	-7.6275142145509882	6.9227757974832143	nan	1.3e-07
3_1	13	10	64	6.5286766004072669	2.6601502458039961	2.9e-11	2.1e-09
4_1	13	10	64	194.03451863183443	-6.5721783570893422e-10	4.4e-11	2.1e-09
5_2	13	10	64	-210.13336818836612	-58.959724523019808	2.8e-10	2.1e-09
3_1	14	11	64	-110.89797384897354	240.85915229047919	nan	5.1e-10
4_1	14	11	64	6966.0820130763659	8.4682199030794436e-09	nan	5.1e-10
5_2	14	11	64	-11527.094376381156	-19297.502642928532	nan	5.1e-10
3_1	15	12	64	33.380290359293852	24.142894920318383	nan	3.5e-09
4_1	15	12	64	1865.819704075943	7.8024022798217629e-09	nan	3.5e-09
5_2	15	12	64	-2686.9146906407154	-3369.2537039859812	nan	3.5e-09
3_1	16	13	64	-0.1925001781084365	0.86200015082878867	nan	7.1e-06
4_1	16	13	64	5.3113442029962679	3.2222866791498106e-08	nan	7.1e-06
5_2	16	13	64	-2.7505230624570642	2.9948814590885786	nan	7.1e-06
3_1	17	14	64	-1.4978207333844187	0.66139088260338141	nan	5.3e-07
4_1	17	14	64	14.160492451562741	-1.3755396266468267e-09	nan	5.3e-07
5_2	17	14	64	-13.072741242449293	6.0674650001023815	nan	5.3e-07
3_1	18	15	64	-32.663277800580303	140.07921354417329	nan	6.0e-10
4_1	18	15	64	4993.0446192131094	-1.5917287043976103e-08	nan	6.0e-10
5_2	18	15	64	-8000.7299227170115	-12637.22812458927	nan	6.0e-10
3_1	19	16	64	0.5502015836749462	92.034776598915187	nan	2.6e-09
4_1	19	16	64	3898.6690265014445	-2.1971377606178066e-08	nan	2.6e-09
5_2	19	16	64	-6091.5451598174441	-9163.2315544553567	nan	2.6e-09
3_1	20	17	64	-1.2127210978498555	-0.50325785314268723	nan	2.0e-05
4_1	20	17	64	-1.3339530921670486	6.8417564522138541e-07	nan	2.0e-05
5_2	20	17	64	-0.18446947473192093	-3.8978465737042391	nan	2.0e-05
3_1	21	18	64	-0.33002070588630195	-0.55151942478067428	nan	1.0e-05
4_1	21	18	64	-0.58997935903493448	1.2360287647561474e-07	nan	1.0e-05
5_2	21	18	64	-0.022720149214783179	-2.9365681667601904	nan	1.0e-05
3_1	22	19	64	24.833736856934749	49.470566675594732	nan	1.0e-09
4_1	22	19	64	2747.0517046890072	-2.2718538161825563e-09	nan	1.0e-09
5_2	22	19	64	-4133.8525227532637	-5747.1718666868801	nan	1.0e-09
3_1	23	20	64	-75.633459139633089	196.69431915185942	1.6e-10	1.8e-09
4_1	23	20	64	6139.4951933710518	-1.8911063826010377e-08	5.4e-10	1.8e-09
5_2	23	20	64	-10038.555004947186	-16454.282164441476	1.1e-09	1.8e-09
3_1	24	21	64	0.79252584286181227	2.0671093127967319	nan	2.3e-07
4_1	24	21	64	72.790869740759845	-2.4368545210873283e-07	nan	2.3e-07
5_2	24	21	64	-70.889128292878908	9.7730586947510396	nan	2.3e-07
3_1	25	22	64	-0.91033881484667023	3.351923263858767	nan	7.0e-07
4_1	25	22	64	11.835115072668465	-5.4880632358034198e-08	nan	7.0e-07
5_2	25	22	64	-5.7731069248837281	6.822665650778017	nan	7.0e-07
3_1	26	23	64	30.647709899003097	9.1471782181998122	nan	1.7e-09
4_1	26	23	64	1105.6240170339843	9.1275271785207224e-09	nan	1.7e-09
5_2	26	23	64	-1494.7524082522102	-1573.1171380537442	nan	1.7e-09
3_1	27	24	64	-136.52693625896566	272.13521685017082	nan	1.6e-09
4_1	27	24	64	7525.2484438890806	-1.7005778119028037e-08	nan	1.6e-09
5_2	27	24	64	-12541.895763890689	-21258.077782343382	nan	1.6e-09
3_1	28	25	64	16.711249154368407	3.1718797105476115	nan	2.1e-08
4_1	28	25	64	453.87509411872327	-1.0027086805308727e-07	nan	2.1e-08
5_2	28	25	64	-547.62280762798866	-366.98767291758514	nan	2.1e-08
3_1	29	26	64	-1.9089550811889038	5.6666002973490892	nan	5.6e-07
4_1	29	26	64	16.358983692145557	-5.8994299778625248e-08	nan	5.6e-07
5_2	29	26	64	-8.0638784303753877	6.6851919730958977	nan	5.6e-07
3_1	30	27	64	10.717115012835656	2.7941175765682007	nan	3.6e-09
4_1	30	27	64	291.10464821429571	1.6225138566028363e-08	nan	3.6e-09
5_2	30	27	64	-331.67493230022535	-154.96067403182866	nan	3.6e-09
3_1	31	28	64	-124.70092241480418	257.77517565638766	nan	1.1e-09
4_1	31	28	64	7270.8885229696507	-3.3612423067097552e-08	nan	1.1e-09
5_2	31	28	64	-12079.535665176849	-20362.732297621616	nan	1.1e-09
3_1	32	29	64	33.469079166815909	15.893633803654852	nan	5.2e-09
4_1	32	29	64	1494.6245973410603	-4.175858947519373e-08	nan	5.2e-09
5_2	32	29	64	-2096.5005073199236	-2454.7437759297468	nan	5.2e-09
3_1	33	30	64	-0.43324378463257035	1.9365153740800038	1.1e-06	5.4e-06
4_1	33	30	64	8.4420382433705825	-3.1604927869244293e-07	1.4e-05	5.4e-06
5_2	33	30	64	-4.1800855726165569	5.3135969825678835	4.7e-06	5.4e-06
3_1	34	31	64	-0.9329066342789667	1.3518005147642942	nan	2.2e-07
4_1	34	31	64	33.160441524451578	2.2223451079383949e-08	nan	2.2e-07
5_2	34	31	64	-30.634817348609396	11.654396888283017	nan	2.2e-07
3_1	35	32	64	-51.716477408090547	165.68715716975981	nan	9.6e-10
4_1	35	32	64	5526.2509503759284	-3.1761928198648093e-08	nan	9.6e-10
5_2	35	32	64	-8944.2699992427151	-14392.515465189737	nan	9.6e-10
3_1	36	33	64	13.344168305038465	71.192066296402587	nan	5.0e-09
4_1	36	33	64	3365.9278587179069	-1.2530776416497247e-08	nan	5.0e-09
5_2	36	33	64	-5178.2313785528731	-7547.2607413452179	nan	5.0e-09
3_1	37	34	64	-0.78316206918222164	-0.73686804194773559	nan	2.6e-05
4_1	37	34	64	-2.3817842914884815	1.5754958404834429e-06	nan	2.6e-05
5_2	37	34	64	0.75781943114643624	-4.9035214365628468	nan	2.6e-05
3_1	38	35	64	-0.6855830623054332	-0.74382890127198931	nan	5.4e-06
4_1	38	35	64	-2.2484507379507539	1.3158561754100795e-07	nan	5.4e-06
5_2	38	35	64	0.72657276294569739	-4.7604768372905983	nan	5.4e-06
3_1	39	36	64	15.859606275322045	66.783781415424571	nan	1.7e-09
4_1	39	36	64	3246.5991507367244	-2.6696163502037962e-08	nan	1.7e-09
5_2	39	36	64	-4975.3665068478913	-7193.2519661690339	nan	1.7e-09
3_1	40	37	64	-56.19846837271978	171.58120761671955	nan	6.2e-09
4_1	40	37	64	5645.301096388258	3.5584076130135145e-08	nan	6.2e-09
5_2	40	37	64	-9155.976959714897	-14789.32903400758	nan	6.2e-09
