# per-d fits in lam = q'^r2, q' = e^{i 2.39996}, m = 0
knot	d	dim	r2_range	J	lam_support	span	e=span/4	parity	sym_a	resid	J2_support	J2_resid	holdout_err	data_check(n)	scalar_dev	health
3_1	0	16	2..47	14	-8..8	16	4	even	0	4.0e-11	-8..8	3.0e-11	2.6e-10	8.1e-13(2)	1.4e-09	1.6e-06
3_1	1	32	2..47	14	-8..8	16	4	even	-1	1.1e-09	-8..8	1.0e-09	1.9e-09	9.6e-13(1)	4.4e-09	2.4e-08
3_1	2	48	2..41	14	-8..8	16	4	even	-2	6.3e-09	-8..8	3.3e-09	3.7e-08	1.4e-12(1)	8.4e-08	4.3e-06
3_1	3	64	2..37	14	-8..8	16	4	even	-3	1.9e-09	-8..8	5.5e-10	nan	0.0e+00(0)	1.1e-06	2.6e-05
4_1	0	16	2..47	14	-8..8	16	4	even	0	2.6e-11	-8..8	2.3e-11	4.9e-11	5.8e-13(2)	1.6e-09	1.6e-06
4_1	1	32	2..47	14	-8..8	16	4	even	-1	1.4e-09	-8..8	1.1e-09	1.5e-09	8.4e-12(1)	2.0e-07	2.4e-08
4_1	2	48	2..41	14	-8..8	16	4	even	-2	6.7e-10	-8..8	5.9e-10	1.5e-09	7.4e-12(1)	1.7e-06	4.3e-06
4_1	3	64	2..37	14	-8..8	16	4	even	-3	5.1e-11	-8..8	1.4e-11	nan	0.0e+00(0)	1.4e-05	2.6e-05
5_2	0	16	2..47	14	-8..8	16	4	even	0	1.5e-11	-8..8	1.2e-11	3.5e-11	3.6e-12(2)	3.2e-09	1.6e-06
5_2	1	32	2..47	14	-8..8	16	4	even	-1	1.4e-08	-8..8	1.1e-08	2.1e-08	4.5e-12(1)	4.2e-09	2.4e-08
5_2	2	48	2..41	14	-8..8	16	4	even	-2	3.6e-08	-8..8	3.0e-08	4.8e-08	1.2e-10(1)	4.6e-07	4.3e-06
5_2	3	64	2..37	14	-8..8	16	4	even	-3	1.0e-09	-8..8	1.1e-09	nan	0.0e+00(0)	4.7e-06	2.6e-05
# two-variable test: c_j(d) = sum_{|a|<=1} C_a q'^{a d}; fit on all d but one, predict the held-out d
knot	j	d_values	heldout_d	rel_pred_err
3_1	-8	0,1,2,3	3	9.3e-01
3_1	-6	0,1,2,3	3	8.8e-01
3_1	-4	0,1,2,3	3	8.8e-01
3_1	-2	0,1,2,3	3	9.7e-01
3_1	0	0,1,2,3	3	1.0e+00
3_1	2	0,1,2,3	3	1.1e+00
3_1	4	0,1,2,3	3	1.1e+00
3_1	6	0,1,2,3	3	9.7e-01
3_1	8	0,1,2,3	3	7.9e-01
3_1	all	0,1,2,3	all	worst 2.4e+00
4_1	-8	0,1,2,3	3	1.1e+00
4_1	-6	0,1,2,3	3	1.0e+00
4_1	-4	0,1,2,3	3	1.0e+00
4_1	-2	0,1,2,3	3	9.9e-01
4_1	0	0,1,2,3	3	9.8e-01
4_1	2	0,1,2,3	3	9.9e-01
4_1	4	0,1,2,3	3	1.0e+00
4_1	6	0,1,2,3	3	1.0e+00
4_1	8	0,1,2,3	3	1.1e+00
4_1	all	0,1,2,3	all	worst 2.3e+00
5_2	-8	0,1,2,3	3	9.9e-01
5_2	-6	0,1,2,3	3	1.0e+00
5_2	-4	0,1,2,3	3	1.0e+00
5_2	-2	0,1,2,3	3	1.0e+00
5_2	0	0,1,2,3	3	1.0e+00
5_2	2	0,1,2,3	3	9.9e-01
5_2	4	0,1,2,3	3	9.8e-01
5_2	6	0,1,2,3	3	9.9e-01
5_2	8	0,1,2,3	3	1.0e+00
5_2	all	0,1,2,3	all	worst 2.2e+00
