# vertex model vs data at q = (0.8253356149096783+0.5646424733950354j) (data at A = q'^-m, q' = 1/q); agree = relative difference < 1e-7
parities	algebra	m	R	dimV_R	class	agree	mismatch	worst_rel	max_braid_index	scalar_dev	proj_err	mismatching_knots
01	gl(1|1)	0	[1]	2	typical	98	0	3.6e-15	6	5.7e-16	0.0e+00	-
01	gl(1|1)	0	[2]	2	typical	98	0	9.3e-14	6	2.8e-15	2.8e-16	-
01	gl(1|1)	0	[1,1]	2	typical	98	0	1.7e-13	6	4.1e-15	2.8e-16	-
01	gl(1|1)	0	[3]	2	typical	98	0	1.9e-13	6	4.3e-15	8.1e-16	-
01	gl(1|1)	0	[2,1]	2	typical	98	0	1.9e-13	6	3.7e-15	8.1e-16	-
01	gl(1|1)	0	[1,1,1]	2	typical	98	0	1.5e-13	6	5.0e-15	1.4e-15	-
01	gl(1|1)	0	[4]	2	typical	98	0	5.0e-12	6	5.6e-15	1.6e-15	-
01	gl(1|1)	0	[3,1]	2	typical	93	0	2.5e-12	6	2.8e-15	1.6e-15	-
01	gl(1|1)	0	[2,2]	0	zero	0	0	0.0e+00	0	0.0e+00	2.1e-15	-
01	gl(1|1)	0	[2,1,1]	2	typical	93	0	2.3e-12	6	3.8e-15	2.1e-15	-
01	gl(1|1)	0	[1,1,1,1]	2	typical	98	0	4.8e-12	6	2.9e-15	1.4e-15	-
01	gl(1|1)	0	[5]	2	typical	91	0	1.1e-10	6	2.7e-14	4.9e-15	-
01	gl(1|1)	0	[4,1]	2	typical	83	0	3.8e-11	6	4.1e-14	4.9e-15	-
01	gl(1|1)	0	[3,2]	0	zero	0	0	0.0e+00	0	0.0e+00	5.7e-15	-
01	gl(1|1)	0	[3,1,1]	2	typical	83	0	1.3e-10	6	3.2e-14	5.7e-15	-
01	gl(1|1)	0	[2,2,1]	0	zero	0	0	0.0e+00	0	0.0e+00	2.1e-15	-
01	gl(1|1)	0	[2,1,1,1]	2	typical	83	0	4.1e-11	6	4.0e-14	1.1e-14	-
01	gl(1|1)	0	[1,1,1,1,1]	2	typical	91	0	1.1e-10	6	2.4e-14	1.0e-14	-
01	gl(1|1)	0	[6]	2	typical	83	0	1.2e-09	6	1.3e-14	8.9e-15	-
01	gl(1|1)	0	[5,1]	2	typical	83	0	1.5e-09	6	2.6e-14	8.9e-15	-
01	gl(1|1)	0	[4,2]	0	zero	0	0	0.0e+00	0	0.0e+00	7.7e-15	-
01	gl(1|1)	0	[4,1,1]	2	typical	83	0	9.0e-10	6	1.6e-14	7.7e-15	-
01	gl(1|1)	0	[3,3]	0	zero	0	0	0.0e+00	0	0.0e+00	5.7e-15	-
01	gl(1|1)	0	[3,2,1]	0	zero	0	0	0.0e+00	0	0.0e+00	5.7e-15	-
01	gl(1|1)	0	[3,1,1,1]	2	typical	83	0	7.6e-10	6	1.3e-14	1.2e-14	-
01	gl(1|1)	0	[2,2,2]	0	zero	0	0	0.0e+00	0	0.0e+00	2.1e-15	-
01	gl(1|1)	0	[2,2,1,1]	0	zero	0	0	0.0e+00	0	0.0e+00	2.1e-15	-
01	gl(1|1)	0	[2,1,1,1,1]	2	typical	83	0	2.3e-09	6	1.8e-14	1.7e-14	-
01	gl(1|1)	0	[1,1,1,1,1,1]	2	typical	83	0	1.0e-09	6	5.4e-15	1.0e-14	-
011	gl(1|2)	1	[1]	3	atypical	98	0	2.0e-14	6	9.5e-16	0.0e+00	-
011	gl(1|2)	1	[2]	4	typical	98	0	3.0e-14	6	2.4e-15	4.7e-16	-
011	gl(1|2)	1	[1,1]	5	atypical	96	0	1.5e-11	5	1.1e-14	4.7e-16	-
011	gl(1|2)	1	[3]	4	typical	98	0	2.7e-13	6	6.6e-15	9.5e-16	-
011	gl(1|2)	1	[2,1]	8	typical	72	0	2.4e-13	4	7.9e-15	9.5e-16	-
011	gl(1|2)	1	[1,1,1]	7	atypical	72	0	7.1e-09	4	1.8e-12	1.5e-15	-
011	gl(1|2)	1	[4]	4	typical	98	0	1.6e-13	6	8.8e-15	2.5e-15	-
011	gl(1|2)	1	[3,1]	8	typical	72	0	3.3e-13	4	1.1e-14	2.5e-15	-
011	gl(1|2)	1	[2,2]	4	typical	93	0	5.3e-13	6	8.5e-15	2.6e-15	-
011	gl(1|2)	1	[2,1,1]	12	typical	25	0	3.5e-12	3	1.6e-12	2.6e-15	-
011	gl(1|2)	1	[1,1,1,1]	9	atypical	55	17	3.1e-06	4	3.8e-11	4.0e-15	11n_34,11n_42,11n_73,12n_293,9_17,9_22,9_23,9_26,9_28,9_29,9_30,9_32,9_33,9_34,9_38,9_40,9_47
011	gl(1|2)	1	[5]	4	typical	91	0	9.5e-11	6	1.4e-13	8.4e-15	-
011	gl(1|2)	1	[4,1]	8	typical	62	0	4.4e-11	4	8.6e-14	8.4e-15	-
011	gl(1|2)	1	[3,2]	4	typical	83	0	7.9e-13	6	3.5e-14	1.2e-14	-
011	gl(1|2)	1	[3,1,1]	12	typical	25	0	3.0e-11	3	7.2e-12	1.2e-14	-
011	gl(1|2)	1	[2,2,1]	8	typical	62	0	5.3e-13	4	2.4e-14	2.6e-15	-
011	gl(1|2)	1	[2,1,1,1]	16	typical	25	0	6.8e-10	3	7.7e-11	2.3e-14	-
011	gl(1|2)	1	[1,1,1,1,1]	11	atypical	12	13	8.7e-06	3	2.9e-08	2.5e-14	7_5,8_10,8_16,8_17,8_18,8_19,8_21,8_5,8_7,8_9,9_16,9_6,9_9
011	gl(1|2)	1	[6]	4	typical	83	0	7.9e-10	6	6.2e-14	2.9e-14	-
011	gl(1|2)	1	[5,1]	8	typical	62	0	1.7e-10	4	2.4e-13	2.9e-14	-
011	gl(1|2)	1	[4,2]	4	typical	83	0	1.8e-08	6	1.0e-13	2.1e-14	-
011	gl(1|2)	1	[4,1,1]	12	typical	25	0	1.7e-11	3	3.0e-12	2.1e-14	-
011	gl(1|2)	1	[3,3]	0	zero	0	0	0.0e+00	0	0.0e+00	2.2e-14	-
011	gl(1|2)	1	[3,2,1]	8	typical	60	2	1.4e-07	4	3.3e-13	2.2e-14	9_30,9_31
011	gl(1|2)	1	[3,1,1,1]	16	typical	25	0	1.5e-09	3	6.0e-12	2.7e-14	-
011	gl(1|2)	1	[2,2,2]	4	typical	83	0	1.3e-11	6	2.8e-14	1.2e-14	-
011	gl(1|2)	1	[2,2,1,1]	12	typical	25	0	1.8e-10	3	4.9e-12	1.2e-14	-
011	gl(1|2)	1	[2,1,1,1,1]	20	typical	4	0	5.3e-10	2	1.1e-12	6.4e-14	-
011	gl(1|2)	1	[1,1,1,1,1,1]	13	atypical	12	13	6.9e-06	3	1.7e-08	1.1e-13	7_5,8_10,8_16,8_17,8_18,8_21,8_5,8_7,8_9,9_16,9_3,9_6,9_9
0111	gl(1|3)	2	[1]	4	atypical	98	0	1.2e-14	6	7.9e-16	0.0e+00	-
0111	gl(1|3)	2	[2]	7	atypical	72	0	1.2e-12	4	1.8e-14	4.7e-16	-
0111	gl(1|3)	2	[1,1]	9	atypical	72	0	4.4e-12	4	1.3e-13	4.7e-16	-
0111	gl(1|3)	2	[3]	8	typical	72	0	1.2e-12	4	1.7e-14	1.4e-15	-
0111	gl(1|3)	2	[2,1]	20	atypical	4	0	7.2e-14	2	2.3e-14	1.4e-15	-
0111	gl(1|3)	2	[1,1,1]	16	atypical	25	0	1.4e-11	3	5.5e-12	1.2e-15	-
0111	gl(1|3)	2	[4]	8	typical	72	0	7.4e-12	4	3.3e-14	7.1e-15	-
0111	gl(1|3)	2	[3,1]	24	typical	4	0	2.9e-13	2	2.2e-14	7.1e-15	-
0111	gl(1|3)	2	[2,2]	17	atypical	25	0	8.3e-10	3	3.2e-11	8.2e-15	-
0111	gl(1|3)	2	[2,1,1]	39	atypical	4	0	2.4e-11	2	3.2e-12	8.2e-15	-
0111	gl(1|3)	2	[1,1,1,1]	25	atypical	4	0	4.2e-10	2	2.0e-13	1.2e-14	-
0111	gl(1|3)	2	[5]	8	typical	70	0	1.3e-10	4	1.2e-12	3.6e-14	-
0111	gl(1|3)	2	[4,1]	24	typical	4	0	2.9e-11	2	3.0e-12	3.6e-14	-
0111	gl(1|3)	2	[3,2]	24	typical	4	0	2.0e-12	2	9.7e-14	4.8e-14	-
0111	gl(1|3)	2	[3,1,1]	48	typical	4	0	1.1e-10	2	1.0e-11	4.8e-14	-
0111	gl(1|3)	2	[2,2,1]	44	atypical	4	0	1.4e-09	2	1.4e-11	2.3e-13	-
0111	gl(1|3)	2	[2,1,1,1]	64	atypical	0	0	0.0e+00	0	0.0e+00	8.2e-13	-
0111	gl(1|3)	2	[1,1,1,1,1]	36	atypical	1	3	5.7e-07	2	2.4e-09	3.4e-13	5_1,7_1,9_1
0111	gl(1|3)	2	[6]	8	typical	62	0	2.8e-09	4	2.6e-12	1.3e-13	-
0111	gl(1|3)	2	[5,1]	24	typical	4	0	7.8e-11	2	8.5e-13	1.3e-13	-
0111	gl(1|3)	2	[4,2]	24	typical	4	0	2.0e-11	2	2.1e-13	1.0e-13	-
0111	gl(1|3)	2	[4,1,1]	48	typical	4	0	8.6e-11	2	1.2e-12	1.0e-13	-
0111	gl(1|3)	2	[3,3]	8	typical	62	0	3.2e-12	4	8.9e-14	2.6e-13	-
0111	gl(1|3)	2	[3,2,1]	64	typical	0	0	0.0e+00	0	0.0e+00	2.6e-13	-
0111	gl(1|3)	2	[3,1,1,1]	80	typical	0	0	0.0e+00	0	0.0e+00	1.1e-13	-
0111	gl(1|3)	2	[2,2,2]	31	atypical	4	0	1.0e-09	2	1.7e-11	1.6e-12	-
0111	gl(1|3)	2	[2,2,1,1]	81	atypical	0	0	0.0e+00	0	0.0e+00	1.6e-12	-
0111	gl(1|3)	2	[2,1,1,1,1]	95	atypical	0	0	0.0e+00	0	0.0e+00	1.6e-12	-
0111	gl(1|3)	2	[1,1,1,1,1,1]	49	atypical	1	3	1.6e-05	2	4.0e-08	1.4e-12	5_1,7_1,9_1
0011	gl(2|2)	0	[1]	4	-	98	0	8.9e-15	6	7.1e-16	0.0e+00	-
0011	gl(2|2)	0	[2]	8	-	72	0	2.1e-12	4	6.2e-15	4.7e-16	-
0011	gl(2|2)	0	[1,1]	8	-	72	0	1.4e-12	4	8.9e-15	4.7e-16	-
0011	gl(2|2)	0	[3]	12	-	25	0	2.3e-11	3	2.5e-13	1.8e-15	-
0011	gl(2|2)	0	[2,1]	20	-	4	0	2.5e-13	2	1.6e-14	1.8e-15	-
0011	gl(2|2)	0	[1,1,1]	12	-	25	0	1.4e-11	3	1.8e-13	2.9e-15	-
0011	gl(2|2)	0	[4]	16	-	22	3	1.9e-06	3	2.8e-10	7.3e-15	8_17,8_18,8_9
0011	gl(2|2)	0	[3,1]	32	-	4	0	2.2e-11	2	3.0e-12	7.3e-15	-
0011	gl(2|2)	0	[2,2]	16	-	25	0	2.5e-12	3	1.9e-13	9.3e-15	-
0011	gl(2|2)	0	[2,1,1]	32	-	4	0	6.7e-12	2	1.6e-12	9.3e-15	-
0011	gl(2|2)	0	[1,1,1,1]	16	-	22	3	2.5e-07	3	2.6e-10	5.6e-15	8_16,8_18,9_16
0011	gl(2|2)	0	[5]	20	-	1	3	9.5e-07	2	2.9e-09	1.5e-13	5_1,7_1,9_1
0011	gl(2|2)	0	[4,1]	44	-	3	1	2.3e-07	2	1.6e-09	1.5e-13	9_1
0011	gl(2|2)	0	[3,2]	32	-	4	0	3.1e-12	2	2.7e-13	8.7e-14	-
0011	gl(2|2)	0	[3,1,1]	52	-	4	0	2.8e-09	2	1.4e-11	8.7e-14	-
0011	gl(2|2)	0	[2,2,1]	32	-	4	0	2.8e-12	2	5.2e-14	8.9e-14	-
0011	gl(2|2)	0	[2,1,1,1]	44	-	4	0	1.2e-08	2	1.9e-10	2.0e-13	-
0011	gl(2|2)	0	[1,1,1,1,1]	20	-	2	2	4.8e-07	2	1.2e-09	1.1e-13	7_1,9_1
0011	gl(2|2)	0	[6]	24	-	1	3	1.2e-05	2	5.5e-08	5.2e-13	5_1,7_1,9_1
0011	gl(2|2)	0	[5,1]	56	-	0	0	0.0e+00	0	0.0e+00	5.2e-13	-
0011	gl(2|2)	0	[4,2]	48	-	2	2	4.5e-07	2	5.1e-09	3.5e-13	7_1,9_1
0011	gl(2|2)	0	[4,1,1]	72	-	0	0	0.0e+00	0	0.0e+00	3.5e-13	-
0011	gl(2|2)	0	[3,3]	16	-	25	0	5.3e-10	3	3.5e-13	4.1e-13	-
0011	gl(2|2)	0	[3,2,1]	64	-	0	0	0.0e+00	0	0.0e+00	4.1e-13	-
0011	gl(2|2)	0	[3,1,1,1]	72	-	0	0	0.0e+00	0	0.0e+00	1.7e-13	-
0011	gl(2|2)	0	[2,2,2]	16	-	25	0	2.1e-10	3	1.1e-13	4.1e-13	-
0011	gl(2|2)	0	[2,2,1,1]	48	-	4	0	6.6e-10	2	2.7e-11	4.1e-13	-
0011	gl(2|2)	0	[2,1,1,1,1]	56	-	0	0	0.0e+00	0	0.0e+00	4.2e-13	-
0011	gl(2|2)	0	[1,1,1,1,1,1]	24	-	2	2	5.9e-07	2	4.1e-09	5.1e-13	7_1,9_1
00111	gl(2|3)	1	[1]	5	-	96	0	1.5e-14	5	4.4e-15	0.0e+00	-
00111	gl(2|3)	1	[2]	12	-	25	0	3.2e-14	3	3.8e-15	4.7e-16	-
00111	gl(2|3)	1	[1,1]	13	-	25	0	1.5e-12	3	1.8e-13	4.7e-16	-
00111	gl(2|3)	1	[3]	20	-	4	0	6.8e-13	2	3.8e-14	2.9e-15	-
00111	gl(2|3)	1	[2,1]	40	-	4	0	1.3e-13	2	1.1e-13	2.9e-15	-
00111	gl(2|3)	1	[1,1,1]	25	-	4	0	2.3e-11	2	9.4e-13	3.2e-15	-
00111	gl(2|3)	1	[4]	28	-	4	0	1.4e-09	2	3.5e-12	4.1e-14	-
00111	gl(2|3)	1	[3,1]	72	-	0	0	0.0e+00	0	0.0e+00	4.1e-14	-
00111	gl(2|3)	1	[2,2]	44	-	4	0	1.8e-11	2	4.3e-13	5.5e-14	-
00111	gl(2|3)	1	[2,1,1]	84	-	0	0	0.0e+00	0	0.0e+00	5.5e-14	-
00111	gl(2|3)	1	[1,1,1,1]	41	-	4	0	3.8e-09	2	3.1e-11	1.9e-14	-
00111	gl(2|3)	1	[5]	36	-	1	3	4.5e-06	2	1.8e-08	3.5e-13	5_1,7_1,9_1
00111	gl(2|3)	1	[4,1]	104	-	0	0	0.0e+00	0	0.0e+00	3.5e-13	-
00111	gl(2|3)	1	[3,2]	100	-	0	0	0.0e+00	0	0.0e+00	2.5e-13	-
00111	gl(2|3)	1	[3,1,1]	156	-	0	0	0.0e+00	0	0.0e+00	2.5e-13	-
00111	gl(2|3)	1	[2,2,1]	120	-	0	0	0.0e+00	0	0.0e+00	2.9e-13	-
00111	gl(2|3)	1	[2,1,1,1]	144	-	0	0	0.0e+00	0	0.0e+00	1.0e-12	-
00111	gl(2|3)	1	[1,1,1,1,1]	61	-	0	0	0.0e+00	0	0.0e+00	1.0e-12	-
00111	gl(2|3)	1	[6]	44	-	1	3	5.3e-05	2	3.7e-07	1.6e-12	5_1,7_1,9_1
00111	gl(2|3)	1	[5,1]	136	-	0	0	0.0e+00	0	0.0e+00	1.6e-12	-
00111	gl(2|3)	1	[4,2]	156	-	0	0	0.0e+00	0	0.0e+00	1.0e-12	-
00111	gl(2|3)	1	[4,1,1]	228	-	0	0	0.0e+00	0	0.0e+00	1.0e-12	-
00111	gl(2|3)	1	[3,3]	64	-	0	0	0.0e+00	0	0.0e+00	3.0e-12	-
00111	gl(2|3)	1	[3,2,1]	280	-	0	0	0.0e+00	0	0.0e+00	3.0e-12	-
00111	gl(2|3)	1	[3,1,1,1]	272	-	0	0	0.0e+00	0	0.0e+00	9.4e-13	-
00111	gl(2|3)	1	[2,2,2]	92	-	0	0	0.0e+00	0	0.0e+00	2.0e-12	-
00111	gl(2|3)	1	[2,2,1,1]	228	-	0	0	0.0e+00	0	0.0e+00	2.0e-12	-
00111	gl(2|3)	1	[2,1,1,1,1]	220	-	0	0	0.0e+00	0	0.0e+00	2.1e-12	-
00111	gl(2|3)	1	[1,1,1,1,1,1]	85	-	0	0	0.0e+00	0	0.0e+00	3.2e-12	-
