# m=2 (gl(1|3)) families via scripts/nonrect_hook_tower.py, theta=2.39996, r=r0..r0+55, J=22, second window J2=26; e=lam-span/4
# (mu=[2] rows of a first run with support threshold 1e-7 were noise-dominated and are replaced by data/nonrect_hook_m2_mu2.tsv; [1] rows of the b=4 knots rechecked with gap in data/nonrect_hook_m2_gap.tsv)
knot	m	mu	r_range	J	theta	dimV	lam_support	e	parity	sym_a	fit_resid	cond	data_check(n)	scalar_dev	module_health	flag	second_window	time
11n_34	2	[]	3..58	22	2.39996	8	-10..10	5	even	2	5.1e-11	1.7e+00	1.7e-12(2)	6.1e-09	8.4e-10	-	J2=26:-10..10,resid=4.8e-11	2s
11n_34	2	[1]	3..58	22	2.39996	24	-18..18	9	even	-	3.2e-09	1.7e+00	3.3e-11(1)	7.0e-09	6.7e-08	-	J2=26:-18..18,resid=7.0e-10	10s
11n_42	2	[]	3..58	22	2.39996	8	-10..10	5	even	2	7.3e-11	1.7e+00	3.8e-12(2)	3.0e-09	8.4e-10	-	J2=26:-10..10,resid=7.7e-11	2s
11n_42	2	[1]	3..58	22	2.39996	24	-12..12	6	even	-	8.5e-09	1.7e+00	2.6e-11(1)	1.2e-08	6.7e-08	-	J2=26:-12..12,resid=1.9e-09	11s
11n_73	2	[]	3..58	22	2.39996	8	-12..12	6	even	2	2.9e-11	1.7e+00	6.7e-10(4)	2.3e-09	8.4e-10	-	J2=26:-12..12,resid=9.3e-12	3s
11n_73	2	[1]	3..58	22	2.39996	24	-18..18	9	even	-	5.8e-09	1.7e+00	5.6e-11(3)	3.0e-09	6.7e-08	-	J2=26:-18..18,resid=1.3e-09	11s
12n_293	2	[]	3..58	22	2.39996	8	-12..12	6	even	2	4.6e-11	1.7e+00	1.2e-11(4)	2.8e-09	8.4e-10	-	J2=26:-12..12,resid=4.7e-11	2s
12n_293	2	[1]	3..58	22	2.39996	24	-12..12	6	even	-	1.5e-08	1.7e+00	2.1e-10(3)	1.3e-07	6.7e-08	-	J2=26:-12..12,resid=3.4e-09	79s
12n_321	2	[]	3..58	22	2.39996	8	-12..12	6	even	2	4.8e-11	1.7e+00	2.3e-12(2)	1.7e-09	8.4e-10	-	J2=26:-12..12,resid=3.2e-11	3s
12n_321	2	[1]	3..58	22	2.39996	24	-12..12	6	even	-	8.7e-09	1.7e+00	1.2e-11(1)	4.1e-08	6.7e-08	-	J2=26:-12..12,resid=1.9e-09	101s
12n_457	2	[]	3..58	22	2.39996	8	-12..12	6	even	2	1.4e-11	1.7e+00	1.9e-11(4)	1.5e-09	8.4e-10	-	J2=26:-12..12,resid=1.4e-11	3s
12n_457	2	[1]	3..58	22	2.39996	24	-12..12	6	even	-	1.3e-09	1.7e+00	9.6e-12(3)	4.2e-09	6.7e-08	-	J2=26:-12..12,resid=3.1e-10	19s
11n_67	2	[]	3..58	22	2.39996	8	-8..8	4	even	2	9.1e-11	1.7e+00	9.1e-12(4)	2.9e-09	8.4e-10	-	J2=26:-8..8,resid=7.3e-11	3s
11n_67	2	[1]	3..58	22	2.39996	24	-12..12	6	even	-	1.2e-08	1.7e+00	1.7e-10(3)	1.1e-08	6.7e-08	-	J2=26:-12..12,resid=2.7e-09	1009s
11n_97	2	[]	3..58	22	2.39996	8	-8..8	4	even	2	3.1e-11	1.7e+00	1.2e-11(4)	3.6e-09	8.4e-10	-	J2=26:-8..8,resid=2.9e-11	3s
11n_97	2	[1]	3..58	22	2.39996	24	-12..12	6	even	-	1.0e-08	1.7e+00	9.4e-11(3)	6.6e-08	6.7e-08	-	J2=26:-12..12,resid=2.2e-09	837s
12n_313	2	[]	3..58	22	2.39996	8	-10..10	5	even	2	6.5e-11	1.7e+00	4.0e-12(2)	5.9e-09	8.4e-10	-	J2=26:-10..10,resid=6.0e-11	3s
12n_313	2	[1]	3..58	22	2.39996	24	-12..12	6	even	-	6.5e-09	1.7e+00	0.0e+00(0)	2.2e-08	6.7e-08	-	J2=26:-12..12,resid=1.5e-09	881s
12n_430	2	[]	3..58	22	2.39996	8	-10..10	5	even	2	2.2e-11	1.7e+00	1.0e-12(2)	1.6e-09	8.4e-10	-	J2=26:-10..10,resid=2.0e-11	3s
12n_430	2	[1]	3..58	22	2.39996	24	-12..12	6	even	-	4.8e-09	1.7e+00	0.0e+00(0)	1.8e-08	6.7e-08	-	J2=26:-12..12,resid=1.0e-09	856s
