# theta=2.39996 r=r0..r0+43 J=19; e = lam-span/4; data_check = max rel. diff vertex vs data (r with data)
knot	braid_index	genus	degDelta	m	mu	e	lam_support	sym_a	fit_residual	scalar_dev	data_check	flag
3_1	2	1	1	2	[]	3	-6..6	2	1.6e-11	1.6e-09	5.7e-12	-
3_1	2	1	1	2	[1]	3	-6..6	-	8.9e-11	1.9e-09	9.9e-12	-
3_1	2	1	1	2	[2]	3	-6..6	-	1.8e-08	3.3e-06	4.1e-10	-
4_1	3	1	1	2	[]	3	-6..6	2	5.1e-12	1.8e-09	3.6e-12	-
4_1	3	1	1	2	[1]	3	-6..6	-	2.2e-10	3.0e-09	3.0e-11	-
4_1	3	1	1	2	[2]	3	-6..6	-	3.7e-08	4.7e-06	1.8e-10	-
5_2	3	1	1	2	[]	3	-6..6	2	1.1e-11	4.6e-09	6.3e-12	-
5_2	3	1	1	2	[1]	3	-6..6	-	2.1e-10	5.0e-09	1.5e-11	-
5_2	3	1	1	2	[2]	4	-10..6	-	6.1e-08	9.8e-06	9.2e-10	-
6_2	3	2	2	2	[]	6	-12..12	2	8.3e-12	6.9e-09	1.5e-11	-
6_2	3	2	2	2	[1]	6	-12..12	-	2.0e-10	1.5e-08	4.7e-11	-
6_2	3	2	2	2	[2]	6	-12..12	-	2.4e-08	4.0e-06	2.1e-10	-
12n_750	3	3	2	2	[]	9	-18..18	2	4.6e-11	1.3e-08	2.7e-08	-
12n_750	3	3	2	2	[1]	9	-18..18	-	2.3e-09	3.0e-08	2.8e-09	-
12n_750	3	3	2	2	[2]	9.5	-19..19	-	3.6e-07	4.5e-05	5.6e-09	window
12n_830	3	3	2	2	[]	9	-18..18	2	6.0e-11	2.1e-08	1.0e-08	-
12n_830	3	3	2	2	[1]	9	-18..18	-	1.1e-09	4.8e-08	7.8e-10	-
12n_830	3	3	2	2	[2]	9.5	-19..19	-	3.3e-07	8.7e-05	7.9e-09	window
5_1	2	2	2	2	[]	6	-12..12	2	9.0e-11	4.9e-09	4.0e-11	-
5_1	2	2	2	2	[1]	6	-12..12	-	2.1e-10	6.3e-09	6.0e-11	-
5_1	2	2	2	2	[2]	9.25	-19..18	-	1.4e-07	1.4e-05	1.3e-09	window
6_3	3	2	2	2	[]	6	-12..12	2	4.7e-12	6.1e-09	8.6e-12	-
6_3	3	2	2	2	[1]	6	-12..12	-	3.0e-10	9.8e-09	5.4e-11	-
6_3	3	2	2	2	[2]	6	-12..12	-	1.8e-08	1.2e-05	1.0e-09	-
