# theta=2.39996 r=r0..r0+43 J=17; e = lam-span/4; data_check = max rel. diff vertex vs data (r with data)
knot	braid_index	genus	degDelta	m	mu	e	lam_support	sym_a	fit_residual	scalar_dev	data_check	flag
12n_750	3	3	2	1	[]	6	-12..12	1	5.3e-13	7.7e-11	2.3e-10	-
12n_750	3	3	2	1	[1]	6	-12..12	0	4.3e-11	2.2e-10	4.3e-10	-
12n_750	3	3	2	1	[1,1]	6	-12..12	-1	1.1e-08	4.9e-08	2.7e-10	-
12n_830	3	3	2	1	[]	6	-12..12	1	6.9e-13	4.9e-11	5.0e-11	-
12n_830	3	3	2	1	[1]	6	-12..12	0	6.4e-11	2.5e-10	1.4e-10	-
12n_830	3	3	2	1	[1,1]	6	-12..12	-1	2.7e-08	1.2e-07	5.8e-10	-
12n_321	4	2	1	1	[]	4	-8..8	1	4.8e-13	2.0e-10	3.6e-13	-
12n_321	4	2	1	1	[1]	4	-8..8	0	6.1e-10	2.0e-09	5.6e-12	-
12n_321	4	2	1	1	[1,1]	4	-8..8	-1	2.7e-08	3.0e-07	6.1e-10	-
