# exact P^mu_m(q,lam) = H_{(r,mu)}(q^-m,q)|_{q^r=lam} reconstructed by scripts/nonrect_exact.py (NDFT mode); data_exact = exact sympy match with data/homfly for each r with data
knot	m	mu	round_err	data_exact	P(1,lam)/Delta(lam^2)^(m+1)	symmetry	lam_support	P
3_1	1	[]	4.7e-12	True,True,True,True,True	1	q^1/lam	-4..4	lam**4/q**4 - lam**2/q**2 - lam**2/q**4 + 1 + 2/q**2 - 1/lam**2 - 1/(lam**2*q**2) + lam**(-4)
3_1	1	[1]	6.6e-11	True,True,True,True	1	q^0/lam	-4..4	lam**4/q**4 + lam**4/q**8 - lam**4/q**10 - lam**2/q**2 - 2*lam**2/q**6 + lam**2/q**8 - lam**2/q**10 + lam**2/q**12 + 1 + 2/q**4 + 2/q**8 - 2/q**10 - 1/(lam**2*q**2) - 2/(lam**2*q**6) + 1/(lam**2*q**8) - 1/(lam**2*q**10) + 1/(lam**2*q**12) + 1/(lam**4*q**4) + 1/(lam**4*q**8) - 1/(lam**4*q**10)
4_1	1	[1]	1.1e-10	True,True,True,True	1	q^0/lam	-4..4	lam**4*q**4 - lam**4*q**2 + lam**4 - lam**4/q**2 + lam**4/q**4 - 3*lam**2*q**6 + 3*lam**2*q**4 - 6*lam**2*q**2 + 6*lam**2 - 6*lam**2/q**2 + 3*lam**2/q**4 - 3*lam**2/q**6 + 2*q**8 - 2*q**6 + 8*q**4 - 8*q**2 + 11 - 8/q**2 + 8/q**4 - 2/q**6 + 2/q**8 - 3*q**6/lam**2 + 3*q**4/lam**2 - 6*q**2/lam**2 + 6/lam**2 - 6/(lam**2*q**2) + 3/(lam**2*q**4) - 3/(lam**2*q**6) + q**4/lam**4 - q**2/lam**4 + lam**(-4) - 1/(lam**4*q**2) + 1/(lam**4*q**4)
3_1	1	[1,1]	2.0e-10	True,True,True	1	q^-1/lam	-4..4	lam**4/q**4 + lam**4/q**10 - lam**4/q**14 + lam**4/q**16 - lam**4/q**18 - lam**4/q**20 + lam**4/q**22 - lam**2/q**2 - 2*lam**2/q**8 + lam**2/q**12 - 2*lam**2/q**14 + lam**2/q**16 + 2*lam**2/q**18 - 2*lam**2/q**20 + lam**2/q**22 + lam**2/q**24 - lam**2/q**26 + 1 + 2/q**6 + 2/q**12 - 2/q**16 + 2/q**18 - 2/q**20 - 2/q**22 + 2/q**24 - 1/(lam**2*q**4) - 2/(lam**2*q**10) + 1/(lam**2*q**14) - 2/(lam**2*q**16) + 1/(lam**2*q**18) + 2/(lam**2*q**20) - 2/(lam**2*q**22) + 1/(lam**2*q**24) + 1/(lam**2*q**26) - 1/(lam**2*q**28) + 1/(lam**4*q**8) + 1/(lam**4*q**14) - 1/(lam**4*q**18) + 1/(lam**4*q**20) - 1/(lam**4*q**22) - 1/(lam**4*q**24) + 1/(lam**4*q**26)
4_1	1	[1,1]	1.3e-09	True,True,True	1	q^-1/lam	-4..4	lam**4*q**14 - lam**4*q**12 - lam**4*q**10 + 2*lam**4*q**8 - lam**4*q**6 - lam**4*q**4 + 3*lam**4*q**2 - lam**4 - lam**4/q**2 + 2*lam**4/q**4 - lam**4/q**6 - lam**4/q**8 + lam**4/q**10 - 3*lam**2*q**16 + 3*lam**2*q**14 + 3*lam**2*q**12 - 9*lam**2*q**10 + 6*lam**2*q**8 + 6*lam**2*q**6 - 15*lam**2*q**4 + 6*lam**2*q**2 + 6*lam**2 - 15*lam**2/q**2 + 6*lam**2/q**4 + 6*lam**2/q**6 - 9*lam**2/q**8 + 3*lam**2/q**10 + 3*lam**2/q**12 - 3*lam**2/q**14 + 2*q**18 - 2*q**16 - 2*q**14 + 10*q**12 - 8*q**10 - 8*q**8 + 20*q**6 - 10*q**4 - 10*q**2 + 27 - 10/q**2 - 10/q**4 + 20/q**6 - 8/q**8 - 8/q**10 + 10/q**12 - 2/q**14 - 2/q**16 + 2/q**18 - 3*q**14/lam**2 + 3*q**12/lam**2 + 3*q**10/lam**2 - 9*q**8/lam**2 + 6*q**6/lam**2 + 6*q**4/lam**2 - 15*q**2/lam**2 + 6/lam**2 + 6/(lam**2*q**2) - 15/(lam**2*q**4) + 6/(lam**2*q**6) + 6/(lam**2*q**8) - 9/(lam**2*q**10) + 3/(lam**2*q**12) + 3/(lam**2*q**14) - 3/(lam**2*q**16) + q**10/lam**4 - q**8/lam**4 - q**6/lam**4 + 2*q**4/lam**4 - q**2/lam**4 - 1/lam**4 + 3/(lam**4*q**2) - 1/(lam**4*q**4) - 1/(lam**4*q**6) + 2/(lam**4*q**8) - 1/(lam**4*q**10) - 1/(lam**4*q**12) + 1/(lam**4*q**14)
3_1	2	[]	1.8e-10	True,True,True,True	1	q^2/lam	-6..6	lam**6/q**12 - lam**4/q**8 - lam**4/q**10 - lam**4/q**12 + lam**2/q**4 + 2*lam**2/q**6 + 2*lam**2/q**8 + lam**2/q**10 - 1/q**2 - 2/q**4 - 3/q**6 - 1/q**8 + lam**(-2) + 2/(lam**2*q**2) + 2/(lam**2*q**4) + 1/(lam**2*q**6) - 1/lam**4 - 1/(lam**4*q**2) - 1/(lam**4*q**4) + lam**(-6)
3_1	2	[1]	1.8e-09	True,True,True	1	-	-6..6	lam**6/q**14 + lam**6/q**18 - lam**6/q**22 - lam**4/q**10 - lam**4/q**12 - lam**4/q**14 - 2*lam**4/q**16 + lam**4/q**18 + lam**4/q**24 + lam**2/q**6 + 2*lam**2/q**8 + lam**2/q**10 + 3*lam**2/q**12 + lam**2/q**14 + lam**2/q**18 - 2*lam**2/q**20 - lam**2/q**22 - 1/q**4 - 1/q**6 - 2/q**8 - 3/q**10 - 1/q**12 - 3/q**14 + q**(-16) + 2/q**18 + q**(-22) + 1/(lam**2*q**2) + 2/(lam**2*q**6) + 2/(lam**2*q**8) + 2/(lam**2*q**10) + 2/(lam**2*q**12) - 1/(lam**2*q**14) - 1/(lam**2*q**18) - 1/(lam**2*q**20) - 1/(lam**4*q**4) - 2/(lam**4*q**8) - 1/(lam**4*q**10) - 1/(lam**4*q**14) + 1/(lam**4*q**16) + 1/(lam**4*q**18) + 1/(lam**6*q**6) + 1/(lam**6*q**10) - 1/(lam**6*q**14)
6_2	1	[1]	1.7e-09	True,True,True,True	1	q^0/lam	-8..8	lam**8 - lam**8/q**2 + 2*lam**8/q**4 - 2*lam**8/q**6 + 2*lam**8/q**8 - 2*lam**8/q**10 + lam**8/q**12 - 3*lam**6*q**2 + 3*lam**6 - 9*lam**6/q**2 + 9*lam**6/q**4 - 12*lam**6/q**6 + 12*lam**6/q**8 - 9*lam**6/q**10 + 6*lam**6/q**12 - 3*lam**6/q**14 + 4*lam**4*q**4 - 4*lam**4*q**2 + 15*lam**4 - 14*lam**4/q**2 + 25*lam**4/q**4 - 24*lam**4/q**6 + 23*lam**4/q**8 - 21*lam**4/q**10 + 13*lam**4/q**12 - 4*lam**4/q**14 + 2*lam**4/q**16 - 4*lam**2*q**6 + 4*lam**2*q**4 - 16*lam**2*q**2 + 13*lam**2 - 29*lam**2/q**2 + 25*lam**2/q**4 - 30*lam**2/q**6 + 29*lam**2/q**8 - 21*lam**2/q**10 + 13*lam**2/q**12 - 8*lam**2/q**14 + 2*q**8 - 2*q**6 + 12*q**4 - 10*q**2 + 27 - 20/q**2 + 32/q**4 - 28/q**6 + 24/q**8 - 22/q**10 + 14/q**12 - 2/q**14 + 2/q**16 - 4*q**6/lam**2 + 4*q**4/lam**2 - 16*q**2/lam**2 + 13/lam**2 - 29/(lam**2*q**2) + 25/(lam**2*q**4) - 30/(lam**2*q**6) + 29/(lam**2*q**8) - 21/(lam**2*q**10) + 13/(lam**2*q**12) - 8/(lam**2*q**14) + 4*q**4/lam**4 - 4*q**2/lam**4 + 15/lam**4 - 14/(lam**4*q**2) + 25/(lam**4*q**4) - 24/(lam**4*q**6) + 23/(lam**4*q**8) - 21/(lam**4*q**10) + 13/(lam**4*q**12) - 4/(lam**4*q**14) + 2/(lam**4*q**16) - 3*q**2/lam**6 + 3/lam**6 - 9/(lam**6*q**2) + 9/(lam**6*q**4) - 12/(lam**6*q**6) + 12/(lam**6*q**8) - 9/(lam**6*q**10) + 6/(lam**6*q**12) - 3/(lam**6*q**14) + lam**(-8) - 1/(lam**8*q**2) + 2/(lam**8*q**4) - 2/(lam**8*q**6) + 2/(lam**8*q**8) - 2/(lam**8*q**10) + 1/(lam**8*q**12)
3_1	1	[1,1,1]	1.3e-09	True,True	1	q^-2/lam	-4..4	lam**4/q**4 + lam**4/q**12 - lam**4/q**18 + lam**4/q**20 - lam**4/q**24 - lam**4/q**26 + lam**4/q**28 - lam**4/q**32 + lam**4/q**36 + lam**4/q**38 - lam**4/q**40 - lam**2/q**2 - 2*lam**2/q**10 + lam**2/q**16 - 2*lam**2/q**18 + lam**2/q**22 + 2*lam**2/q**24 - 2*lam**2/q**26 + 2*lam**2/q**30 + lam**2/q**32 - 2*lam**2/q**34 - lam**2/q**36 + 2*lam**2/q**38 - lam**2/q**42 - lam**2/q**44 + lam**2/q**46 + 1 + 2/q**8 + 2/q**16 - 2/q**22 + 2/q**24 - 2/q**28 - 2/q**30 + 2/q**32 - 2/q**36 + 2/q**40 + 2/q**42 - 2/q**44 - 1/(lam**2*q**6) - 2/(lam**2*q**14) + 1/(lam**2*q**20) - 2/(lam**2*q**22) + 1/(lam**2*q**26) + 2/(lam**2*q**28) - 2/(lam**2*q**30) + 2/(lam**2*q**34) + 1/(lam**2*q**36) - 2/(lam**2*q**38) - 1/(lam**2*q**40) + 2/(lam**2*q**42) - 1/(lam**2*q**46) - 1/(lam**2*q**48) + 1/(lam**2*q**50) + 1/(lam**4*q**12) + 1/(lam**4*q**20) - 1/(lam**4*q**26) + 1/(lam**4*q**28) - 1/(lam**4*q**32) - 1/(lam**4*q**34) + 1/(lam**4*q**36) - 1/(lam**4*q**40) + 1/(lam**4*q**44) + 1/(lam**4*q**46) - 1/(lam**4*q**48)
3_1	2	[2]	1.4e-06	True,True	1	-	-6..6	lam**6/q**12 + lam**6/q**16 - lam**6/q**20 - lam**4/q**8 - 2*lam**4/q**12 - lam**4/q**14 - lam**4/q**18 + lam**4/q**20 + lam**4/q**22 + lam**2/q**4 + 2*lam**2/q**8 + 2*lam**2/q**10 + 2*lam**2/q**12 + 2*lam**2/q**14 - lam**2/q**16 - lam**2/q**20 - lam**2/q**22 - 1/q**4 - 1/q**6 - 2/q**8 - 3/q**10 - 1/q**12 - 3/q**14 + q**(-16) + 2/q**18 + q**(-22) + 1/(lam**2*q**4) + 2/(lam**2*q**6) + 1/(lam**2*q**8) + 3/(lam**2*q**10) + 1/(lam**2*q**12) + 1/(lam**2*q**16) - 2/(lam**2*q**18) - 1/(lam**2*q**20) - 1/(lam**4*q**6) - 1/(lam**4*q**8) - 1/(lam**4*q**10) - 2/(lam**4*q**12) + 1/(lam**4*q**14) + 1/(lam**4*q**20) + 1/(lam**6*q**8) + 1/(lam**6*q**12) - 1/(lam**6*q**16)
12n_750	1	[1]	6.8e-07	True,True,True,True	1	q^0/lam	-12..12	lam**12/q**10 - lam**12/q**12 + 2*lam**12/q**14 - lam**12/q**16 - 2*lam**12/q**20 + lam**12/q**26 - lam**12/q**28 + 2*lam**12/q**30 - 2*lam**12/q**32 + 2*lam**12/q**34 - lam**12/q**36 - 3*lam**10/q**8 + 3*lam**10/q**10 - 5*lam**10/q**12 - 2*lam**10/q**14 + 10*lam**10/q**16 - 11*lam**10/q**18 + 18*lam**10/q**20 - 14*lam**10/q**22 + 11*lam**10/q**24 - 7*lam**10/q**26 - lam**10/q**28 + 5*lam**10/q**30 - 8*lam**10/q**32 + 5*lam**10/q**34 - 2*lam**10/q**36 + lam**10/q**38 + 3*lam**8/q**6 - 2*lam**8/q**8 + 5*lam**8/q**10 + 15*lam**8/q**12 - 28*lam**8/q**14 + 47*lam**8/q**16 - 66*lam**8/q**18 + 61*lam**8/q**20 - 62*lam**8/q**22 + 45*lam**8/q**24 - 25*lam**8/q**26 + 10*lam**8/q**28 + 4*lam**8/q**30 - 6*lam**8/q**32 + 6*lam**8/q**34 - 3*lam**8/q**36 - lam**6/q**4 + lam**6/q**6 - 3*lam**6/q**8 - 25*lam**6/q**10 + 24*lam**6/q**12 - 68*lam**6/q**14 + 80*lam**6/q**16 - 90*lam**6/q**18 + 100*lam**6/q**20 - 78*lam**6/q**22 + 68*lam**6/q**24 - 40*lam**6/q**26 + 24*lam**6/q**28 - 13*lam**6/q**30 + 4*lam**6/q**32 - 4*lam**6/q**34 + 2*lam**6/q**36 - lam**6/q**38 - 2*lam**4/q**4 + 3*lam**4/q**6 + 15*lam**4/q**8 + 6*lam**4/q**10 + 55*lam**4/q**12 - 16*lam**4/q**14 + 47*lam**4/q**16 - 34*lam**4/q**18 + 24*lam**4/q**20 - 49*lam**4/q**22 + 24*lam**4/q**24 - 44*lam**4/q**26 + 36*lam**4/q**28 - 38*lam**4/q**30 + 35*lam**4/q**32 - 20*lam**4/q**34 + 12*lam**4/q**36 - 2*lam**4/q**38 + lam**4/q**40 + 3*lam**2/q**2 - 4*lam**2/q**4 + 3*lam**2/q**6 - 24*lam**2/q**8 - 28*lam**2/q**10 - 58*lam**2/q**12 + 4*lam**2/q**14 - 86*lam**2/q**16 + 79*lam**2/q**18 - 59*lam**2/q**20 + 67*lam**2/q**22 + 11*lam**2/q**24 - 14*lam**2/q**26 + 64*lam**2/q**28 - 70*lam**2/q**30 + 58*lam**2/q**32 - 44*lam**2/q**34 + 16*lam**2/q**36 - 8*lam**2/q**38 - 1 + 2/q**2 - 8/q**4 + 16/q**6 + 6/q**8 + 64/q**10 + 4/q**12 + 122/q**14 - 94/q**16 + 140/q**18 - 140/q**20 + 56/q**22 - 52/q**24 - 42/q**26 + 60/q**28 - 84/q**30 + 78/q**32 - 44/q**34 + 26/q**36 - 4/q**38 + 2/q**40 + 3/(lam**2*q**2) - 4/(lam**2*q**4) + 3/(lam**2*q**6) - 24/(lam**2*q**8) - 28/(lam**2*q**10) - 58/(lam**2*q**12) + 4/(lam**2*q**14) - 86/(lam**2*q**16) + 79/(lam**2*q**18) - 59/(lam**2*q**20) + 67/(lam**2*q**22) + 11/(lam**2*q**24) - 14/(lam**2*q**26) + 64/(lam**2*q**28) - 70/(lam**2*q**30) + 58/(lam**2*q**32) - 44/(lam**2*q**34) + 16/(lam**2*q**36) - 8/(lam**2*q**38) - 2/(lam**4*q**4) + 3/(lam**4*q**6) + 15/(lam**4*q**8) + 6/(lam**4*q**10) + 55/(lam**4*q**12) - 16/(lam**4*q**14) + 47/(lam**4*q**16) - 34/(lam**4*q**18) + 24/(lam**4*q**20) - 49/(lam**4*q**22) + 24/(lam**4*q**24) - 44/(lam**4*q**26) + 36/(lam**4*q**28) - 38/(lam**4*q**30) + 35/(lam**4*q**32) - 20/(lam**4*q**34) + 12/(lam**4*q**36) - 2/(lam**4*q**38) + 1/(lam**4*q**40) - 1/(lam**6*q**4) + 1/(lam**6*q**6) - 3/(lam**6*q**8) - 25/(lam**6*q**10) + 24/(lam**6*q**12) - 68/(lam**6*q**14) + 80/(lam**6*q**16) - 90/(lam**6*q**18) + 100/(lam**6*q**20) - 78/(lam**6*q**22) + 68/(lam**6*q**24) - 40/(lam**6*q**26) + 24/(lam**6*q**28) - 13/(lam**6*q**30) + 4/(lam**6*q**32) - 4/(lam**6*q**34) + 2/(lam**6*q**36) - 1/(lam**6*q**38) + 3/(lam**8*q**6) - 2/(lam**8*q**8) + 5/(lam**8*q**10) + 15/(lam**8*q**12) - 28/(lam**8*q**14) + 47/(lam**8*q**16) - 66/(lam**8*q**18) + 61/(lam**8*q**20) - 62/(lam**8*q**22) + 45/(lam**8*q**24) - 25/(lam**8*q**26) + 10/(lam**8*q**28) + 4/(lam**8*q**30) - 6/(lam**8*q**32) + 6/(lam**8*q**34) - 3/(lam**8*q**36) - 3/(lam**10*q**8) + 3/(lam**10*q**10) - 5/(lam**10*q**12) - 2/(lam**10*q**14) + 10/(lam**10*q**16) - 11/(lam**10*q**18) + 18/(lam**10*q**20) - 14/(lam**10*q**22) + 11/(lam**10*q**24) - 7/(lam**10*q**26) - 1/(lam**10*q**28) + 5/(lam**10*q**30) - 8/(lam**10*q**32) + 5/(lam**10*q**34) - 2/(lam**10*q**36) + 1/(lam**10*q**38) + 1/(lam**12*q**10) - 1/(lam**12*q**12) + 2/(lam**12*q**14) - 1/(lam**12*q**16) - 2/(lam**12*q**20) + 1/(lam**12*q**26) - 1/(lam**12*q**28) + 2/(lam**12*q**30) - 2/(lam**12*q**32) + 2/(lam**12*q**34) - 1/(lam**12*q**36)
12n_750	1	[]	1.7e-09	True,True,True,True,True	1	q^1/lam	-12..12	lam**12/q**10 - lam**12/q**14 - 3*lam**10/q**8 - lam**10/q**10 + 3*lam**10/q**12 + lam**10/q**14 + 3*lam**8/q**6 + 6*lam**8/q**8 - 2*lam**8/q**10 - 3*lam**8/q**12 - lam**6/q**4 - 7*lam**6/q**6 - 8*lam**6/q**8 - 3*lam**6/q**10 - lam**6/q**12 + lam**4/q**4 + 18*lam**4/q**6 + 22*lam**4/q**8 + 11*lam**4/q**10 + lam**4/q**12 + 3*lam**2/q**2 - 11*lam**2/q**4 - 40*lam**2/q**6 - 34*lam**2/q**8 - 8*lam**2/q**10 - 1 - 2/q**2 + 34/q**4 + 50/q**6 + 24/q**8 + 2/q**10 + 3/lam**2 - 11/(lam**2*q**2) - 40/(lam**2*q**4) - 34/(lam**2*q**6) - 8/(lam**2*q**8) + lam**(-4) + 18/(lam**4*q**2) + 22/(lam**4*q**4) + 11/(lam**4*q**6) + 1/(lam**4*q**8) - q**2/lam**6 - 7/lam**6 - 8/(lam**6*q**2) - 3/(lam**6*q**4) - 1/(lam**6*q**6) + 3*q**2/lam**8 + 6/lam**8 - 2/(lam**8*q**2) - 3/(lam**8*q**4) - 3*q**2/lam**10 - 1/lam**10 + 3/(lam**10*q**2) + 1/(lam**10*q**4) + q**2/lam**12 - 1/(lam**12*q**2)
