# m=2, mu=[2] (V_(r,2) of gl(1|3), dim 24), theta=2.39996, r=3..58, J=22, J2=24; values with module_health>1e-7 dropped (HMAX); support threshold TOLREL=1e-5 (fit noise ~1e-7 relative); gap = min on-support |c| / max off-support |c|
knot	m	mu	r_range	J	theta	dimV	lam_support	e	parity	sym_a	fit_resid	cond	data_check(n)	scalar_dev	module_health	flag	second_window	time
11n_34	2	[2]	3..58	22	2.39996	24	-18..18	9	even	-	2.6e-09	1.1e+02	0.0e+00(0)	6.3e-08	7.2e-08	-	J2=24:-18..18,resid=1.9e-10	gap=3.1e+04	dropped 6 r with module_health > HMAX	13s
11n_42	2	[2]	3..58	22	2.39996	24	-12..12	6	even	-	5.3e-09	1.1e+02	0.0e+00(0)	1.1e-07	7.2e-08	-	J2=24:-12..12,resid=3.5e-10	gap=1.4e+04	dropped 6 r with module_health > HMAX	13s
11n_73	2	[2]	3..58	22	2.39996	24	-18..18	9	even	-	3.5e-09	1.1e+02	1.7e-09(2)	2.8e-08	7.2e-08	-	J2=24:-18..18,resid=2.3e-10	gap=1.6e+04	dropped 6 r with module_health > HMAX	14s
12n_457	2	[2]	3..58	22	2.39996	24	-12..12	6	even	-	1.2e-09	1.1e+02	4.6e-09(2)	8.2e-08	7.2e-08	-	J2=24:-12..12,resid=9.8e-11	gap=1.5e+05	dropped 6 r with module_health > HMAX	17s
12n_293	2	[2]	3..58	22	2.39996	24	-12..12	6	even	-	1.1e-08	1.1e+02	7.1e-10(2)	6.2e-08	7.2e-08	-	J2=24:-12..12,resid=7.0e-10	gap=1.5e+05	dropped 6 r with module_health > HMAX	83s
12n_321	2	[2]	3..58	22	2.39996	24	-12..12	6	even	-	4.9e-09	1.1e+02	0.0e+00(0)	4.1e-08	7.2e-08	-	J2=24:-12..12,resid=3.2e-10	gap=6.6e+04	dropped 6 r with module_health > HMAX	82s
11n_67	2	[2]	3..58	22	2.39996	24	-12..12	6	even	-	1.5e-08	1.1e+02	9.3e-10(2)	6.3e-08	7.2e-08	-	J2=24:-12..12,resid=1.0e-09	gap=1.8e+04	dropped 6 r with module_health > HMAX	792s
11n_97	2	[2]	3..58	22	2.39996	24	-12..12	6	even	-	2.4e-09	1.1e+02	2.5e-10(2)	5.0e-08	7.2e-08	-	J2=24:-12..12,resid=1.3e-10	gap=2.3e+05	dropped 6 r with module_health > HMAX	767s
