algebra	R	knot	theta	rel_diff	scalar_dev	verdict
gl(1|2)	[1,1,1,1]	11n_34	1.9	1.0e-10	1.0e-10	
gl(1|2)	[1,1,1,1]	11n_34	0.6847	1.4e-07	7.7e-08	
gl(1|2)	[1,1,1,1]	11n_34	-	1.0e-10	-	agree
gl(1|2)	[1,1,1,1]	11n_42	1.9	2.6e-11	1.1e-11	
gl(1|2)	[1,1,1,1]	11n_42	0.6847	7.6e-07	6.3e-07	
gl(1|2)	[1,1,1,1]	11n_42	-	2.6e-11	-	agree
gl(1|2)	[1,1,1,1]	11n_73	1.9	2.9e-11	8.7e-11	
gl(1|2)	[1,1,1,1]	11n_73	0.6847	1.7e-07	1.8e-07	
gl(1|2)	[1,1,1,1]	11n_73	-	2.9e-11	-	agree
gl(1|2)	[1,1,1,1]	12n_293	1.9	2.6e-11	7.5e-11	
gl(1|2)	[1,1,1,1]	12n_293	0.6847	3.7e-08	1.2e-07	
gl(1|2)	[1,1,1,1]	12n_293	-	2.6e-11	-	agree
gl(1|2)	[1,1,1,1]	9_17	1.9	1.2e-11	6.8e-11	
gl(1|2)	[1,1,1,1]	9_17	0.6847	1.1e-07	2.4e-08	
gl(1|2)	[1,1,1,1]	9_17	-	1.2e-11	-	agree
gl(1|2)	[1,1,1,1]	9_22	1.9	5.3e-11	9.1e-11	
gl(1|2)	[1,1,1,1]	9_22	0.6847	1.5e-07	4.4e-08	
gl(1|2)	[1,1,1,1]	9_22	-	5.3e-11	-	agree
gl(1|2)	[1,1,1,1]	9_23	1.9	5.1e-11	5.6e-11	
gl(1|2)	[1,1,1,1]	9_23	0.6847	3.2e-08	7.7e-08	
gl(1|2)	[1,1,1,1]	9_23	-	5.1e-11	-	agree
gl(1|2)	[1,1,1,1]	9_26	1.9	3.3e-11	4.5e-11	
gl(1|2)	[1,1,1,1]	9_26	0.6847	8.7e-08	4.6e-08	
gl(1|2)	[1,1,1,1]	9_26	-	3.3e-11	-	agree
gl(1|2)	[1,1,1,1]	9_28	1.9	1.2e-11	3.1e-11	
gl(1|2)	[1,1,1,1]	9_28	0.6847	1.6e-08	4.2e-08	
gl(1|2)	[1,1,1,1]	9_28	-	1.2e-11	-	agree
gl(1|2)	[1,1,1,1]	9_29	1.9	1.7e-10	4.4e-11	
gl(1|2)	[1,1,1,1]	9_29	0.6847	5.3e-08	1.8e-07	
gl(1|2)	[1,1,1,1]	9_29	-	1.7e-10	-	agree
gl(1|2)	[1,1,1,1]	9_30	1.9	5.8e-11	8.7e-11	
gl(1|2)	[1,1,1,1]	9_30	0.6847	2.5e-07	9.2e-08	
gl(1|2)	[1,1,1,1]	9_30	-	5.8e-11	-	agree
gl(1|2)	[1,1,1,1]	9_32	1.9	1.9e-11	4.8e-11	
gl(1|2)	[1,1,1,1]	9_32	0.6847	4.7e-07	4.3e-07	
gl(1|2)	[1,1,1,1]	9_32	-	1.9e-11	-	agree
gl(1|2)	[1,1,1,1]	9_33	1.9	8.1e-11	1.3e-10	
gl(1|2)	[1,1,1,1]	9_33	0.6847	7.1e-07	5.7e-07	
gl(1|2)	[1,1,1,1]	9_33	-	8.1e-11	-	agree
gl(1|2)	[1,1,1,1]	9_34	1.9	2.3e-11	4.0e-11	
gl(1|2)	[1,1,1,1]	9_34	0.6847	1.9e-06	1.3e-06	
gl(1|2)	[1,1,1,1]	9_34	-	2.3e-11	-	agree
gl(1|2)	[1,1,1,1]	9_38	1.9	7.2e-11	1.1e-10	
gl(1|2)	[1,1,1,1]	9_38	0.6847	4.6e-07	5.3e-07	
gl(1|2)	[1,1,1,1]	9_38	-	7.2e-11	-	agree
gl(1|2)	[1,1,1,1]	9_40	1.9	9.9e-11	1.9e-10	
gl(1|2)	[1,1,1,1]	9_40	0.6847	2.7e-07	4.7e-07	
gl(1|2)	[1,1,1,1]	9_40	-	9.9e-11	-	agree
gl(1|2)	[1,1,1,1]	9_47	1.9	3.3e-11	4.4e-11	
gl(1|2)	[1,1,1,1]	9_47	0.6847	3.9e-08	3.5e-08	
gl(1|2)	[1,1,1,1]	9_47	-	3.3e-11	-	agree
gl(1|2)	[1,1,1,1,1]	7_5	1.9	4.9e-09	4.8e-09	
gl(1|2)	[1,1,1,1,1]	7_5	0.6847	2.2e-09	2.4e-09	
gl(1|2)	[1,1,1,1,1]	7_5	-	2.2e-09	-	agree
gl(1|2)	[1,1,1,1,1]	8_10	1.9	5.5e-09	3.7e-09	
gl(1|2)	[1,1,1,1,1]	8_10	0.6847	1.0e-08	2.0e-08	
gl(1|2)	[1,1,1,1,1]	8_10	-	5.5e-09	-	agree
gl(1|2)	[1,1,1,1,1]	8_16	1.9	1.5e-08	8.8e-09	
gl(1|2)	[1,1,1,1,1]	8_16	0.6847	6.4e-08	9.0e-08	
gl(1|2)	[1,1,1,1,1]	8_16	-	1.5e-08	-	agree
gl(1|2)	[1,1,1,1,1]	8_17	1.9	2.7e-08	1.6e-08	
gl(1|2)	[1,1,1,1,1]	8_17	0.6847	5.7e-08	1.4e-07	
gl(1|2)	[1,1,1,1,1]	8_17	-	2.7e-08	-	agree
gl(1|2)	[1,1,1,1,1]	8_18	1.9	6.1e-08	3.1e-08	
gl(1|2)	[1,1,1,1,1]	8_18	0.6847	1.7e-07	3.6e-07	
gl(1|2)	[1,1,1,1,1]	8_18	-	6.1e-08	-	agree
gl(1|2)	[1,1,1,1,1]	8_19	1.9	1.7e-09	9.2e-10	
gl(1|2)	[1,1,1,1,1]	8_19	0.6847	2.2e-09	1.7e-09	
gl(1|2)	[1,1,1,1,1]	8_19	-	1.7e-09	-	agree
gl(1|2)	[1,1,1,1,1]	8_21	1.9	7.2e-10	3.1e-09	
gl(1|2)	[1,1,1,1,1]	8_21	0.6847	3.4e-09	4.8e-09	
gl(1|2)	[1,1,1,1,1]	8_21	-	7.2e-10	-	agree
gl(1|2)	[1,1,1,1,1]	8_5	1.9	7.5e-09	5.6e-09	
gl(1|2)	[1,1,1,1,1]	8_5	0.6847	5.9e-09	1.1e-08	
gl(1|2)	[1,1,1,1,1]	8_5	-	5.9e-09	-	agree
gl(1|2)	[1,1,1,1,1]	8_7	1.9	6.7e-09	3.5e-09	
gl(1|2)	[1,1,1,1,1]	8_7	0.6847	1.4e-09	6.2e-09	
gl(1|2)	[1,1,1,1,1]	8_7	-	1.4e-09	-	agree
gl(1|2)	[1,1,1,1,1]	8_9	1.9	5.9e-09	3.7e-09	
gl(1|2)	[1,1,1,1,1]	8_9	0.6847	1.3e-08	2.0e-08	
gl(1|2)	[1,1,1,1,1]	8_9	-	5.9e-09	-	agree
gl(1|2)	[1,1,1,1,1]	9_16	1.9	7.5e-08	5.7e-08	
gl(1|2)	[1,1,1,1,1]	9_16	0.6847	5.5e-08	5.0e-08	
gl(1|2)	[1,1,1,1,1]	9_16	-	5.5e-08	-	agree
gl(1|2)	[1,1,1,1,1]	9_6	1.9	1.2e-08	1.0e-08	
gl(1|2)	[1,1,1,1,1]	9_6	0.6847	5.4e-09	4.2e-09	
gl(1|2)	[1,1,1,1,1]	9_6	-	5.4e-09	-	agree
gl(1|2)	[1,1,1,1,1]	9_9	1.9	2.7e-08	2.0e-08	
gl(1|2)	[1,1,1,1,1]	9_9	0.6847	1.3e-08	1.0e-08	
gl(1|2)	[1,1,1,1,1]	9_9	-	1.3e-08	-	agree
gl(1|2)	[3,2,1]	9_30	1.9	4.9e-08	1.2e-10	
gl(1|2)	[3,2,1]	9_30	0.6847	6.0e-08	2.8e-13	
gl(1|2)	[3,2,1]	9_30	-	4.9e-08	-	agree
gl(1|2)	[3,2,1]	9_31	1.9	3.0e-08	8.2e-11	
gl(1|2)	[3,2,1]	9_31	0.6847	3.4e-08	7.9e-14	
gl(1|2)	[3,2,1]	9_31	-	3.0e-08	-	agree
gl(1|2)	[1,1,1,1,1,1]	7_5	1.9	8.9e-11	1.2e-10	
gl(1|2)	[1,1,1,1,1,1]	7_5	0.6847	1.3e-10	3.3e-11	
gl(1|2)	[1,1,1,1,1,1]	7_5	-	8.9e-11	-	agree
gl(1|2)	[1,1,1,1,1,1]	8_10	1.9	1.4e-10	1.9e-10	
gl(1|2)	[1,1,1,1,1,1]	8_10	0.6847	2.0e-10	2.5e-11	
gl(1|2)	[1,1,1,1,1,1]	8_10	-	1.4e-10	-	agree
gl(1|2)	[1,1,1,1,1,1]	8_16	1.9	2.6e-10	4.1e-10	
gl(1|2)	[1,1,1,1,1,1]	8_16	0.6847	6.4e-10	1.6e-10	
gl(1|2)	[1,1,1,1,1,1]	8_16	-	2.6e-10	-	agree
gl(1|2)	[1,1,1,1,1,1]	8_17	1.9	4.9e-11	5.7e-10	
gl(1|2)	[1,1,1,1,1,1]	8_17	0.6847	9.5e-10	4.0e-10	
gl(1|2)	[1,1,1,1,1,1]	8_17	-	4.9e-11	-	agree
gl(1|2)	[1,1,1,1,1,1]	8_18	1.9	1.5e-10	9.3e-10	
gl(1|2)	[1,1,1,1,1,1]	8_18	0.6847	1.8e-09	3.8e-10	
gl(1|2)	[1,1,1,1,1,1]	8_18	-	1.5e-10	-	agree
gl(1|2)	[1,1,1,1,1,1]	8_21	1.9	4.5e-11	1.2e-10	
gl(1|2)	[1,1,1,1,1,1]	8_21	0.6847	1.4e-10	1.2e-11	
gl(1|2)	[1,1,1,1,1,1]	8_21	-	4.5e-11	-	agree
gl(1|2)	[1,1,1,1,1,1]	8_5	1.9	4.1e-10	4.4e-10	
gl(1|2)	[1,1,1,1,1,1]	8_5	0.6847	1.3e-10	1.1e-10	
gl(1|2)	[1,1,1,1,1,1]	8_5	-	1.3e-10	-	agree
gl(1|2)	[1,1,1,1,1,1]	8_7	1.9	1.1e-10	1.1e-10	
gl(1|2)	[1,1,1,1,1,1]	8_7	0.6847	2.2e-10	2.6e-11	
gl(1|2)	[1,1,1,1,1,1]	8_7	-	1.1e-10	-	agree
gl(1|2)	[1,1,1,1,1,1]	8_9	1.9	4.9e-11	1.7e-10	
gl(1|2)	[1,1,1,1,1,1]	8_9	0.6847	4.8e-10	2.6e-10	
gl(1|2)	[1,1,1,1,1,1]	8_9	-	4.9e-11	-	agree
gl(1|2)	[1,1,1,1,1,1]	9_16	1.9	2.0e-09	8.4e-10	
gl(1|2)	[1,1,1,1,1,1]	9_16	0.6847	9.8e-10	3.6e-10	
gl(1|2)	[1,1,1,1,1,1]	9_16	-	9.8e-10	-	agree
gl(1|2)	[1,1,1,1,1,1]	9_3	1.9	1.6e-10	4.1e-10	
gl(1|2)	[1,1,1,1,1,1]	9_3	0.6847	1.3e-10	7.5e-11	
gl(1|2)	[1,1,1,1,1,1]	9_3	-	1.3e-10	-	agree
gl(1|2)	[1,1,1,1,1,1]	9_6	1.9	1.7e-10	2.8e-10	
gl(1|2)	[1,1,1,1,1,1]	9_6	0.6847	2.2e-10	8.2e-12	
gl(1|2)	[1,1,1,1,1,1]	9_6	-	1.7e-10	-	agree
gl(1|2)	[1,1,1,1,1,1]	9_9	1.9	4.1e-10	2.7e-10	
gl(1|2)	[1,1,1,1,1,1]	9_9	0.6847	6.0e-10	1.1e-10	
gl(1|2)	[1,1,1,1,1,1]	9_9	-	4.1e-10	-	agree
gl(1|3)	[1,1,1,1,1]	5_1	1.9	2.1e-10	1.7e-10	
gl(1|3)	[1,1,1,1,1]	5_1	0.6847	5.0e-09	1.7e-08	
gl(1|3)	[1,1,1,1,1]	5_1	-	2.1e-10	-	agree
gl(1|3)	[1,1,1,1,1]	7_1	1.9	6.9e-10	3.1e-10	
gl(1|3)	[1,1,1,1,1]	7_1	0.6847	1.9e-08	5.0e-08	
gl(1|3)	[1,1,1,1,1]	7_1	-	6.9e-10	-	agree
gl(1|3)	[1,1,1,1,1]	9_1	1.9	2.2e-09	2.9e-09	
gl(1|3)	[1,1,1,1,1]	9_1	0.6847	7.1e-08	1.8e-07	
gl(1|3)	[1,1,1,1,1]	9_1	-	2.2e-09	-	agree
gl(1|3)	[1,1,1,1,1,1]	5_1	1.9	4.5e-10	5.1e-10	
gl(1|3)	[1,1,1,1,1,1]	5_1	0.6847	3.4e-08	3.9e-08	
gl(1|3)	[1,1,1,1,1,1]	5_1	-	4.5e-10	-	agree
gl(1|3)	[1,1,1,1,1,1]	7_1	1.9	2.6e-09	3.2e-09	
gl(1|3)	[1,1,1,1,1,1]	7_1	0.6847	6.3e-08	9.0e-08	
gl(1|3)	[1,1,1,1,1,1]	7_1	-	2.6e-09	-	agree
gl(1|3)	[1,1,1,1,1,1]	9_1	1.9	8.1e-09	9.6e-09	
gl(1|3)	[1,1,1,1,1,1]	9_1	0.6847	3.2e-07	4.6e-07	
gl(1|3)	[1,1,1,1,1,1]	9_1	-	8.1e-09	-	agree
gl(2|2)	[4]	8_17	1.9	1.5e-11	2.9e-11	
gl(2|2)	[4]	8_17	0.6847	1.5e-07	4.6e-08	
gl(2|2)	[4]	8_17	-	1.5e-11	-	agree
gl(2|2)	[4]	8_18	1.9	2.7e-11	6.7e-11	
gl(2|2)	[4]	8_18	0.6847	8.7e-07	3.0e-08	
gl(2|2)	[4]	8_18	-	2.7e-11	-	agree
gl(2|2)	[4]	8_9	1.9	9.2e-12	7.0e-12	
gl(2|2)	[4]	8_9	0.6847	2.2e-08	1.4e-08	
gl(2|2)	[4]	8_9	-	9.2e-12	-	agree
gl(2|2)	[1,1,1,1]	8_16	1.9	9.5e-12	3.6e-11	
gl(2|2)	[1,1,1,1]	8_16	0.6847	1.2e-06	1.3e-06	
gl(2|2)	[1,1,1,1]	8_16	-	9.5e-12	-	agree
gl(2|2)	[1,1,1,1]	8_18	1.9	3.1e-12	2.3e-11	
gl(2|2)	[1,1,1,1]	8_18	0.6847	9.0e-07	6.1e-07	
gl(2|2)	[1,1,1,1]	8_18	-	3.1e-12	-	agree
gl(2|2)	[1,1,1,1]	9_16	1.9	2.1e-11	5.8e-11	
gl(2|2)	[1,1,1,1]	9_16	0.6847	8.7e-07	9.1e-07	
gl(2|2)	[1,1,1,1]	9_16	-	2.1e-11	-	agree
gl(2|2)	[5]	5_1	1.9	3.6e-10	1.1e-09	
gl(2|2)	[5]	5_1	0.6847	4.3e-09	3.8e-09	
gl(2|2)	[5]	5_1	-	3.6e-10	-	agree
gl(2|2)	[5]	7_1	1.9	3.3e-10	2.2e-09	
gl(2|2)	[5]	7_1	0.6847	1.5e-08	9.7e-09	
gl(2|2)	[5]	7_1	-	3.3e-10	-	agree
gl(2|2)	[5]	9_1	1.9	1.0e-09	3.9e-09	
gl(2|2)	[5]	9_1	0.6847	3.2e-08	1.8e-08	
gl(2|2)	[5]	9_1	-	1.0e-09	-	agree
gl(2|2)	[4,1]	9_1	1.9	2.5e-09	4.7e-09	
gl(2|2)	[4,1]	9_1	0.6847	4.6e-07	3.9e-07	
gl(2|2)	[4,1]	9_1	-	2.5e-09	-	agree
gl(2|2)	[1,1,1,1,1]	7_1	1.9	2.2e-09	1.4e-09	
gl(2|2)	[1,1,1,1,1]	7_1	0.6847	1.7e-08	4.1e-08	
gl(2|2)	[1,1,1,1,1]	7_1	-	2.2e-09	-	agree
gl(2|2)	[1,1,1,1,1]	9_1	1.9	5.5e-09	3.7e-09	
gl(2|2)	[1,1,1,1,1]	9_1	0.6847	4.3e-08	9.1e-08	
gl(2|2)	[1,1,1,1,1]	9_1	-	5.5e-09	-	agree
gl(2|2)	[6]	5_1	1.9	2.4e-10	6.6e-10	
gl(2|2)	[6]	5_1	0.6847	3.9e-09	3.2e-09	
gl(2|2)	[6]	5_1	-	2.4e-10	-	agree
gl(2|2)	[6]	7_1	1.9	4.2e-10	4.0e-09	
gl(2|2)	[6]	7_1	0.6847	9.7e-09	9.1e-09	
gl(2|2)	[6]	7_1	-	4.2e-10	-	agree
gl(2|2)	[6]	9_1	1.9	4.3e-10	5.5e-09	
gl(2|2)	[6]	9_1	0.6847	2.5e-08	2.5e-08	
gl(2|2)	[6]	9_1	-	4.3e-10	-	agree
gl(2|2)	[4,2]	7_1	1.9	5.7e-10	8.2e-10	
gl(2|2)	[4,2]	7_1	0.6847	1.7e-06	1.8e-06	
gl(2|2)	[4,2]	7_1	-	5.7e-10	-	agree
gl(2|2)	[4,2]	9_1	1.9	1.3e-08	2.1e-08	
gl(2|2)	[4,2]	9_1	0.6847	7.2e-06	7.1e-06	
gl(2|2)	[4,2]	9_1	-	1.3e-08	-	agree
gl(2|2)	[1,1,1,1,1,1]	7_1	1.9	5.0e-09	5.2e-10	
gl(2|2)	[1,1,1,1,1,1]	7_1	0.6847	7.7e-09	1.3e-08	
gl(2|2)	[1,1,1,1,1,1]	7_1	-	5.0e-09	-	agree
gl(2|2)	[1,1,1,1,1,1]	9_1	1.9	1.0e-08	1.1e-09	
gl(2|2)	[1,1,1,1,1,1]	9_1	0.6847	2.5e-08	4.3e-08	
gl(2|2)	[1,1,1,1,1,1]	9_1	-	1.0e-08	-	agree
gl(2|3)	[5]	5_1	1.9	2.2e-09	6.1e-09	
gl(2|3)	[5]	5_1	0.6847	2.5e-07	2.2e-07	
gl(2|3)	[5]	5_1	-	2.2e-09	-	agree
gl(2|3)	[5]	7_1	1.9	1.0e-08	1.3e-08	
gl(2|3)	[5]	7_1	0.6847	5.9e-07	6.1e-07	
gl(2|3)	[5]	7_1	-	1.0e-08	-	agree
gl(2|3)	[5]	9_1	1.9	3.2e-08	1.7e-08	
gl(2|3)	[5]	9_1	0.6847	8.3e-07	9.0e-07	
gl(2|3)	[5]	9_1	-	3.2e-08	-	agree
gl(2|3)	[6]	5_1	1.9	1.9e-09	5.3e-09	
gl(2|3)	[6]	5_1	0.6847	6.5e-07	9.3e-07	
gl(2|3)	[6]	5_1	-	1.9e-09	-	agree
gl(2|3)	[6]	7_1	1.9	6.4e-09	1.7e-08	
gl(2|3)	[6]	7_1	0.6847	2.0e-06	3.0e-06	
gl(2|3)	[6]	7_1	-	6.4e-09	-	agree
gl(2|3)	[6]	9_1	1.9	1.2e-08	3.1e-08	
gl(2|3)	[6]	9_1	0.6847	4.1e-06	6.3e-06	
gl(2|3)	[6]	9_1	-	1.2e-08	-	agree
