# m=1 family fits (scripts/nonrect_family.py) at q'=e^{i theta}, lam=q'^r; e = lam-span/4; only fits with residual < 1e-6
knot	m	mu	r0	r1	J	theta	lam_lo	lam_hi	e	sym_a	fit_residual	data_check	scalar_dev
4_1	1	[]	2	32	12	2.39996	-4	4	2	[1]	5.4e-12	1.4e-13	-
11n_34	1	[]	2	32	12	2.39996	-6	6	3	[1]	6.5e-12	1.9e-12	-
11n_42	1	[]	2	32	12	2.39996	-6	6	3	[1]	1.2e-11	2.0e-12	-
11n_73	1	[]	2	32	12	2.39996	-8	8	4	[1]	4.7e-11	3.9e-11	-
12n_293	1	[]	2	32	12	2.39996	-8	8	4	[1]	7.0e-12	1.4e-11	-
11n_67	1	[]	2	32	12	2.39996	-6	6	3	[1]	2.8e-10	3.7e-11	-
11n_97	1	[]	2	32	12	2.39996	-6	6	3	[1]	5.7e-11	3.0e-11	-
12n_313	1	[]	2	32	12	2.39996	-6	6	3	[1]	2.6e-10	1.4e-12	-
12n_430	1	[]	2	32	12	2.39996	-6	6	3	[1]	3.9e-10	8.9e-13	-
12n_457	1	[]	2	32	12	2.39996	-8	8	4	[1]	4.9e-11	8.1e-11	-
12n_51	1	[]	2	32	12	2.39996	-6	6	3	[1]	1.6e-09	1.4e-10	-
12n_268	1	[]	2	32	12	2.39996	-6	6	3	[1]	8.0e-10	1.5e-09	-
11n_73	1	[1]	2	32	12	2.39996	-12	12	6	[]	4.7e-07	1.8e-10	-
11n_34	1	[1]	2	32	12	2.39996	-12	12	6	[0]	4.7e-11	8.7e-13	4.8e-10
11n_42	1	[1]	2	32	12	2.39996	-8	8	4	[0]	3.1e-11	5.8e-13	6.5e-10
12n_293	1	[1]	2	32	12	2.39996	-8	8	4	[0]	8.5e-11	3.4e-11	1.2e-09
11n_42	1	[1,1]	2	24	10	2.39996	-8	8	4	[-1]	4.7e-10	3.9e-11	2.2e-08
12n_293	1	[1,1]	2	32	13	2.39996	-8	8	4	[-1]	2.5e-09	2.9e-10	6.9e-08
11n_34	1	[1,1]	2	32	13	2.39996	-12	12	6	[-1]	5.7e-10	5.8e-12	4.7e-08
11n_73	1	[1,1]	2	32	13	2.39996	-12	12	6	[-1]	8.6e-10	1.1e-10	3.2e-08
11n_67	1	[1]	2	22	8	2.39996	-8	8	4	[0]	1.1e-10	2.4e-11	1.2e-09
11n_97	1	[1]	2	22	8	2.39996	-8	8	4	[0]	2.1e-10	1.9e-11	1.3e-09
12n_457	1	[1]	2	22	8	2.39996	-8	8	4	[0]	5.0e-11	2.9e-11	4.0e-10
12n_313	1	[1]	2	22	8	2.39996	-8	8	4	[0]	1.4e-10	4.3e-13	1.5e-09
12n_430	1	[1]	2	22	8	2.39996	-8	8	4	[0]	2.0e-10	8.2e-13	1.5e-09
11n_34	1	[1]	2	42	17	2.39996	-12	12	6	[0]	1.4e-10	8.7e-13	9.5e-10
11n_73	1	[1]	2	42	17	2.39996	-12	12	6	[0]	6.1e-11	1.8e-10	5.1e-10
