m	k	R	R'	knots_tested	failures
0	1	[1, 1]	[2]	2893	-
0	1	[2, 1]	[3]	2860	-
0	1	[1, 1, 1]	[2, 1]	2860	-
0	1	[3, 1]	[4]	2061	-
1	1	[2, 2]	[3]	2061	-
0	1	[2, 1, 1]	[3, 1]	2061	-
0	1	[1, 1, 1, 1]	[2, 1, 1]	2061	-
0	1	[4, 1]	[5]	1457	-
1	1	[3, 2]	[4]	1457	-
0	1	[3, 1, 1]	[4, 1]	1457	-
1	1	[2, 2, 1]	[3, 1]	1457	-
0	1	[2, 1, 1, 1]	[3, 1, 1]	1457	-
0	1	[1, 1, 1, 1, 1]	[2, 1, 1, 1]	1457	-
0	1	[5, 1]	[6]	1457	-
1	1	[4, 2]	[5]	1457	-
0	1	[4, 1, 1]	[5, 1]	1457	-
2	1	[3, 3]	[4]	1457	-
1	1	[3, 2, 1]	[4, 1]	1457	-
0	1	[3, 1, 1, 1]	[4, 1, 1]	1457	-
1	1	[2, 2, 2]	[3, 2]	1457	-
0	2	[2, 2, 2]	[3, 3]	1457	-
1	1	[2, 2, 1, 1]	[3, 1, 1]	1457	-
0	1	[2, 1, 1, 1, 1]	[3, 1, 1, 1]	1457	-
0	1	[1, 1, 1, 1, 1, 1]	[2, 1, 1, 1, 1]	1457	-
